Evin Yasi;Ev Durumu;Evin Kozmetik Durumu;Cocuk Sayisi;Evcil Hayvan Sahibi;Bolge;Masraf
1;Kiraci;27.9;0;yes;Dogu ve Guneydogu Anadolu Bolgesi;16884.924
0;Ev Sahibi;33.77;1;no;Bati Bolgesi;1725.5523
10;Ev Sahibi;33;3;no;Bati Bolgesi;4449.462
15;Ev Sahibi;22.705;0;no;Akdeniz ve Ege Ic Kesimler Bolgesi;21984.47061
14;Ev Sahibi;28.88;0;no;Akdeniz ve Ege Ic Kesimler Bolgesi;3866.8552
13;Kiraci;25.74;0;no;Bati Bolgesi;3756.6216
28;Kiraci;33.44;1;no;Bati Bolgesi;8240.5896
19;Kiraci;27.74;3;no;Akdeniz ve Ege Ic Kesimler Bolgesi;7281.5056
19;Ev Sahibi;29.83;2;no;Ic Anadolu ve Karadeniz Bolgesi;6406.4107
42;Kiraci;25.84;0;no;Akdeniz ve Ege Ic Kesimler Bolgesi;28923.13692
7;Ev Sahibi;26.22;0;no;Ic Anadolu ve Karadeniz Bolgesi;2721.3208
44;Kiraci;26.29;0;yes;Bati Bolgesi;27808.7251
5;Ev Sahibi;34.4;0;no;Dogu ve Guneydogu Anadolu Bolgesi;1826.843
38;Kiraci;39.82;0;no;Bati Bolgesi;11090.7178
9;Ev Sahibi;42.13;0;yes;Bati Bolgesi;39611.7577
1;Ev Sahibi;24.6;1;no;Dogu ve Guneydogu Anadolu Bolgesi;1837.237
34;Kiraci;30.78;1;no;Ic Anadolu ve Karadeniz Bolgesi;10797.3362
5;Ev Sahibi;23.845;0;no;Ic Anadolu ve Karadeniz Bolgesi;2395.17155
38;Ev Sahibi;40.3;0;no;Dogu ve Guneydogu Anadolu Bolgesi;10602.385
12;Ev Sahibi;35.3;0;yes;Dogu ve Guneydogu Anadolu Bolgesi;36837.467
42;Kiraci;36.005;0;no;Ic Anadolu ve Karadeniz Bolgesi;13228.84695
12;Kiraci;32.4;1;no;Dogu ve Guneydogu Anadolu Bolgesi;4149.736
0;Ev Sahibi;34.1;0;no;Bati Bolgesi;1137.011
16;Kiraci;31.92;1;yes;Ic Anadolu ve Karadeniz Bolgesi;37701.8768
19;Ev Sahibi;28.025;2;no;Akdeniz ve Ege Ic Kesimler Bolgesi;6203.90175
41;Kiraci;27.72;3;no;Bati Bolgesi;14001.1338
45;Kiraci;23.085;0;no;Ic Anadolu ve Karadeniz Bolgesi;14451.83515
37;Kiraci;32.775;2;no;Akdeniz ve Ege Ic Kesimler Bolgesi;12268.63225
5;Ev Sahibi;17.385;1;no;Akdeniz ve Ege Ic Kesimler Bolgesi;2775.19215
13;Ev Sahibi;36.3;2;yes;Dogu ve Guneydogu Anadolu Bolgesi;38711
4;Ev Sahibi;35.6;0;yes;Dogu ve Guneydogu Anadolu Bolgesi;35585.576
0;Kiraci;26.315;0;no;Ic Anadolu ve Karadeniz Bolgesi;2198.18985
1;Kiraci;28.6;5;no;Dogu ve Guneydogu Anadolu Bolgesi;4687.797
45;Ev Sahibi;28.31;0;no;Akdeniz ve Ege Ic Kesimler Bolgesi;13770.0979
10;Ev Sahibi;36.4;1;yes;Dogu ve Guneydogu Anadolu Bolgesi;51194.55914
1;Ev Sahibi;20.425;0;no;Akdeniz ve Ege Ic Kesimler Bolgesi;1625.43375
44;Kiraci;32.965;3;no;Akdeniz ve Ege Ic Kesimler Bolgesi;15612.19335
8;Ev Sahibi;20.8;0;no;Dogu ve Guneydogu Anadolu Bolgesi;2302.3
17;Ev Sahibi;36.67;1;yes;Ic Anadolu ve Karadeniz Bolgesi;39774.2763
42;Ev Sahibi;39.9;0;yes;Dogu ve Guneydogu Anadolu Bolgesi;48173.361
6;Kiraci;26.6;0;no;Ic Anadolu ve Karadeniz Bolgesi;3046.062
13;Kiraci;36.63;2;no;Bati Bolgesi;4949.7587
23;Ev Sahibi;21.78;1;no;Bati Bolgesi;6272.4772
19;Kiraci;30.8;2;no;Bati Bolgesi;6313.759
20;Ev Sahibi;37.05;1;no;Ic Anadolu ve Karadeniz Bolgesi;6079.6715
37;Ev Sahibi;37.3;0;no;Dogu ve Guneydogu Anadolu Bolgesi;20630.28351
0;Kiraci;38.665;2;no;Ic Anadolu ve Karadeniz Bolgesi;3393.35635
10;Kiraci;34.77;0;no;Akdeniz ve Ege Ic Kesimler Bolgesi;3556.9223
42;Kiraci;24.53;0;no;Bati Bolgesi;12629.8967
18;Ev Sahibi;35.2;1;yes;Bati Bolgesi;38709.176
0;Kiraci;35.625;0;no;Ic Anadolu ve Karadeniz Bolgesi;2211.13075
3;Kiraci;33.63;2;no;Akdeniz ve Ege Ic Kesimler Bolgesi;3579.8287
30;Ev Sahibi;28;1;yes;Dogu ve Guneydogu Anadolu Bolgesi;23568.272
18;Ev Sahibi;34.43;0;yes;Bati Bolgesi;37742.5757
22;Kiraci;28.69;3;no;Akdeniz ve Ege Ic Kesimler Bolgesi;8059.6791
40;Ev Sahibi;36.955;2;yes;Akdeniz ve Ege Ic Kesimler Bolgesi;47496.49445
40;Kiraci;31.825;2;no;Ic Anadolu ve Karadeniz Bolgesi;13607.36875
0;Ev Sahibi;31.68;2;yes;Bati Bolgesi;34303.1672
35;Kiraci;22.88;1;yes;Bati Bolgesi;23244.7902
16;Kiraci;37.335;2;no;Akdeniz ve Ege Ic Kesimler Bolgesi;5989.52365
25;Ev Sahibi;27.36;3;no;Ic Anadolu ve Karadeniz Bolgesi;8606.2174
7;Ev Sahibi;33.66;4;no;Bati Bolgesi;4504.6624
46;Ev Sahibi;24.7;1;no;Akdeniz ve Ege Ic Kesimler Bolgesi;30166.61817
10;Kiraci;25.935;1;no;Akdeniz ve Ege Ic Kesimler Bolgesi;4133.64165
2;Kiraci;22.42;0;yes;Akdeniz ve Ege Ic Kesimler Bolgesi;14711.7438
1;Kiraci;28.9;0;no;Dogu ve Guneydogu Anadolu Bolgesi;1743.214
43;Kiraci;39.1;2;no;Dogu ve Guneydogu Anadolu Bolgesi;14235.072
22;Ev Sahibi;26.315;1;no;Akdeniz ve Ege Ic Kesimler Bolgesi;6389.37785
22;Kiraci;36.19;0;no;Bati Bolgesi;5920.1041
10;Ev Sahibi;23.98;3;yes;Bati Bolgesi;17663.1442
9;Kiraci;24.75;0;yes;Bati Bolgesi;16577.7795
13;Ev Sahibi;28.5;5;no;Ic Anadolu ve Karadeniz Bolgesi;6799.458
35;Kiraci;28.1;3;no;Dogu ve Guneydogu Anadolu Bolgesi;11741.726
40;Ev Sahibi;32.01;1;no;Bati Bolgesi;11946.6259
26;Ev Sahibi;27.4;2;no;Dogu ve Guneydogu Anadolu Bolgesi;7726.854
39;Ev Sahibi;34.01;0;no;Akdeniz ve Ege Ic Kesimler Bolgesi;11356.6609
11;Kiraci;29.59;1;no;Bati Bolgesi;3947.4131
3;Ev Sahibi;35.53;0;no;Bati Bolgesi;1532.4697
4;Kiraci;39.805;0;no;Ic Anadolu ve Karadeniz Bolgesi;2755.02095
23;Kiraci;32.965;0;no;Akdeniz ve Ege Ic Kesimler Bolgesi;6571.02435
13;Ev Sahibi;26.885;1;no;Ic Anadolu ve Karadeniz Bolgesi;4441.21315
27;Kiraci;38.285;0;no;Ic Anadolu ve Karadeniz Bolgesi;7935.29115
4;Ev Sahibi;37.62;1;yes;Bati Bolgesi;37165.1638
30;Kiraci;41.23;4;no;Akdeniz ve Ege Ic Kesimler Bolgesi;11033.6617
19;Kiraci;34.8;2;yes;Dogu ve Guneydogu Anadolu Bolgesi;39836.519
27;Ev Sahibi;22.895;2;yes;Akdeniz ve Ege Ic Kesimler Bolgesi;21098.55405
39;Kiraci;31.16;0;yes;Akdeniz ve Ege Ic Kesimler Bolgesi;43578.9394
38;Kiraci;27.2;0;no;Dogu ve Guneydogu Anadolu Bolgesi;11073.176
28;Kiraci;27.74;0;no;Akdeniz ve Ege Ic Kesimler Bolgesi;8026.6666
37;Kiraci;26.98;0;no;Akdeniz ve Ege Ic Kesimler Bolgesi;11082.5772
3;Kiraci;39.49;0;no;Bati Bolgesi;2026.9741
35;Kiraci;24.795;1;no;Akdeniz ve Ege Ic Kesimler Bolgesi;10942.13205
41;Ev Sahibi;29.83;3;yes;Ic Anadolu ve Karadeniz Bolgesi;30184.9367
17;Ev Sahibi;34.77;2;no;Akdeniz ve Ege Ic Kesimler Bolgesi;5729.0053
46;Kiraci;31.3;2;yes;Dogu ve Guneydogu Anadolu Bolgesi;47291.055
10;Kiraci;37.62;1;no;Bati Bolgesi;3766.8838
36;Kiraci;30.8;3;no;Dogu ve Guneydogu Anadolu Bolgesi;12105.32
37;Ev Sahibi;38.28;0;no;Bati Bolgesi;10226.2842
38;Ev Sahibi;19.95;0;yes;Ic Anadolu ve Karadeniz Bolgesi;22412.6485
20;Ev Sahibi;19.3;0;yes;Dogu ve Guneydogu Anadolu Bolgesi;15820.699
23;Kiraci;31.6;0;no;Dogu ve Guneydogu Anadolu Bolgesi;6186.127
12;Ev Sahibi;25.46;0;no;Ic Anadolu ve Karadeniz Bolgesi;3645.0894
0;Kiraci;30.115;0;no;Ic Anadolu ve Karadeniz Bolgesi;21344.8467
43;Kiraci;29.92;3;yes;Bati Bolgesi;30942.1918
16;Kiraci;27.5;1;no;Dogu ve Guneydogu Anadolu Bolgesi;5003.853
2;Ev Sahibi;28.025;1;yes;Akdeniz ve Ege Ic Kesimler Bolgesi;17560.37975
1;Kiraci;28.4;1;no;Dogu ve Guneydogu Anadolu Bolgesi;2331.519
8;Ev Sahibi;30.875;2;no;Akdeniz ve Ege Ic Kesimler Bolgesi;3877.30425
11;Ev Sahibi;27.94;0;no;Bati Bolgesi;2867.1196
45;Ev Sahibi;35.09;0;yes;Bati Bolgesi;47055.5321
36;Ev Sahibi;33.63;1;no;Akdeniz ve Ege Ic Kesimler Bolgesi;10825.2537
37;Kiraci;29.7;2;no;Dogu ve Guneydogu Anadolu Bolgesi;11881.358
19;Ev Sahibi;30.8;0;no;Dogu ve Guneydogu Anadolu Bolgesi;4646.759
3;Kiraci;35.72;0;no;Akdeniz ve Ege Ic Kesimler Bolgesi;2404.7338
34;Ev Sahibi;32.205;3;no;Ic Anadolu ve Karadeniz Bolgesi;11488.31695
42;Ev Sahibi;28.595;0;no;Ic Anadolu ve Karadeniz Bolgesi;30259.99556
40;Ev Sahibi;49.06;0;no;Bati Bolgesi;11381.3254
11;Kiraci;27.94;1;yes;Bati Bolgesi;19107.7796
31;Kiraci;27.17;0;no;Bati Bolgesi;8601.3293
19;Kiraci;23.37;2;no;Akdeniz ve Ege Ic Kesimler Bolgesi;6686.4313
26;Ev Sahibi;37.1;2;no;Dogu ve Guneydogu Anadolu Bolgesi;7740.337
0;Ev Sahibi;23.75;0;no;Ic Anadolu ve Karadeniz Bolgesi;1705.6245
2;Kiraci;28.975;0;no;Akdeniz ve Ege Ic Kesimler Bolgesi;2257.47525
26;Ev Sahibi;31.35;1;yes;Ic Anadolu ve Karadeniz Bolgesi;39556.4945
29;Kiraci;33.915;3;no;Akdeniz ve Ege Ic Kesimler Bolgesi;10115.00885
8;Kiraci;28.785;0;no;Ic Anadolu ve Karadeniz Bolgesi;3385.39915
1;Kiraci;28.3;0;yes;Dogu ve Guneydogu Anadolu Bolgesi;17081.08
34;Kiraci;37.4;0;no;Dogu ve Guneydogu Anadolu Bolgesi;9634.538
14;Kiraci;17.765;2;yes;Akdeniz ve Ege Ic Kesimler Bolgesi;32734.1863
20;Ev Sahibi;34.7;2;no;Dogu ve Guneydogu Anadolu Bolgesi;6082.405
41;Kiraci;26.505;0;no;Ic Anadolu ve Karadeniz Bolgesi;12815.44495
43;Kiraci;22.04;0;no;Ic Anadolu ve Karadeniz Bolgesi;13616.3586
35;Kiraci;35.9;2;no;Dogu ve Guneydogu Anadolu Bolgesi;11163.568
1;Ev Sahibi;25.555;0;no;Akdeniz ve Ege Ic Kesimler Bolgesi;1632.56445
2;Kiraci;28.785;0;no;Ic Anadolu ve Karadeniz Bolgesi;2457.21115
4;Kiraci;28.05;0;no;Bati Bolgesi;2155.6815
1;Ev Sahibi;34.1;0;no;Dogu ve Guneydogu Anadolu Bolgesi;1261.442
4;Ev Sahibi;25.175;0;no;Akdeniz ve Ege Ic Kesimler Bolgesi;2045.68525
36;Kiraci;31.9;3;no;Bati Bolgesi;27322.73386
4;Kiraci;36;0;no;Dogu ve Guneydogu Anadolu Bolgesi;2166.732
16;Ev Sahibi;22.42;2;no;Ic Anadolu ve Karadeniz Bolgesi;27375.90478
8;Ev Sahibi;32.49;1;no;Ic Anadolu ve Karadeniz Bolgesi;3490.5491
16;Ev Sahibi;25.3;2;yes;Bati Bolgesi;18972.495
11;Ev Sahibi;29.735;2;no;Akdeniz ve Ege Ic Kesimler Bolgesi;18157.876
12;Ev Sahibi;28.69;3;yes;Akdeniz ve Ege Ic Kesimler Bolgesi;20745.9891
11;Kiraci;38.83;3;no;Bati Bolgesi;5138.2567
28;Ev Sahibi;30.495;3;yes;Akdeniz ve Ege Ic Kesimler Bolgesi;40720.55105
33;Kiraci;37.73;1;no;Bati Bolgesi;9877.6077
35;Kiraci;37.43;1;no;Akdeniz ve Ege Ic Kesimler Bolgesi;10959.6947
1;Ev Sahibi;28.4;1;no;Dogu ve Guneydogu Anadolu Bolgesi;1842.519
17;Ev Sahibi;24.13;1;no;Akdeniz ve Ege Ic Kesimler Bolgesi;5125.2157
30;Ev Sahibi;29.7;0;no;Bati Bolgesi;7789.635
14;Kiraci;37.145;3;no;Ic Anadolu ve Karadeniz Bolgesi;6334.34355
24;Kiraci;23.37;0;yes;Ic Anadolu ve Karadeniz Bolgesi;19964.7463
22;Kiraci;25.46;1;no;Ic Anadolu ve Karadeniz Bolgesi;7077.1894
26;Ev Sahibi;39.52;0;no;Akdeniz ve Ege Ic Kesimler Bolgesi;6948.7008
30;Ev Sahibi;24.42;0;yes;Bati Bolgesi;21223.6758
0;Ev Sahibi;25.175;0;yes;Ic Anadolu ve Karadeniz Bolgesi;15518.18025
12;Ev Sahibi;35.53;0;yes;Bati Bolgesi;36950.2567
32;Kiraci;27.83;3;no;Bati Bolgesi;19749.38338
24;Kiraci;26.6;0;yes;Akdeniz ve Ege Ic Kesimler Bolgesi;21348.706
0;Kiraci;36.85;0;yes;Bati Bolgesi;36149.4835
36;Ev Sahibi;39.6;1;no;Dogu ve Guneydogu Anadolu Bolgesi;10450.552
14;Kiraci;29.8;2;no;Dogu ve Guneydogu Anadolu Bolgesi;5152.134
19;Ev Sahibi;29.64;0;no;Akdeniz ve Ege Ic Kesimler Bolgesi;5028.1466
29;Ev Sahibi;28.215;4;no;Ic Anadolu ve Karadeniz Bolgesi;10407.08585
2;Kiraci;37;5;no;Dogu ve Guneydogu Anadolu Bolgesi;4830.63
14;Kiraci;33.155;3;no;Akdeniz ve Ege Ic Kesimler Bolgesi;6128.79745
1;Kiraci;31.825;1;no;Akdeniz ve Ege Ic Kesimler Bolgesi;2719.27975
9;Ev Sahibi;18.905;3;no;Ic Anadolu ve Karadeniz Bolgesi;4827.90495
45;Ev Sahibi;41.47;0;no;Bati Bolgesi;13405.3903
31;Ev Sahibi;30.3;0;no;Dogu ve Guneydogu Anadolu Bolgesi;8116.68
0;Ev Sahibi;15.96;0;no;Ic Anadolu ve Karadeniz Bolgesi;1694.7964
17;Kiraci;34.8;1;no;Dogu ve Guneydogu Anadolu Bolgesi;5246.047
6;Kiraci;33.345;0;no;Akdeniz ve Ege Ic Kesimler Bolgesi;2855.43755
45;Kiraci;37.7;0;yes;Dogu ve Guneydogu Anadolu Bolgesi;48824.45
20;Ev Sahibi;27.835;2;no;Akdeniz ve Ege Ic Kesimler Bolgesi;6455.86265
36;Ev Sahibi;29.2;1;no;Dogu ve Guneydogu Anadolu Bolgesi;10436.096
28;Kiraci;28.9;2;no;Dogu ve Guneydogu Anadolu Bolgesi;8823.279
23;Kiraci;33.155;3;no;Ic Anadolu ve Karadeniz Bolgesi;8538.28845
40;Ev Sahibi;28.595;0;no;Akdeniz ve Ege Ic Kesimler Bolgesi;11735.87905
0;Kiraci;38.28;0;no;Bati Bolgesi;1631.8212
4;Ev Sahibi;19.95;3;no;Ic Anadolu ve Karadeniz Bolgesi;4005.4225
26;Kiraci;26.41;0;no;Akdeniz ve Ege Ic Kesimler Bolgesi;7419.4779
26;Ev Sahibi;30.69;2;no;Bati Bolgesi;7731.4271
18;Ev Sahibi;41.895;3;yes;Ic Anadolu ve Karadeniz Bolgesi;43753.33705
8;Kiraci;29.92;2;no;Bati Bolgesi;3981.9768
12;Kiraci;30.9;3;no;Dogu ve Guneydogu Anadolu Bolgesi;5325.651
23;Kiraci;32.2;1;no;Dogu ve Guneydogu Anadolu Bolgesi;6775.961
11;Kiraci;32.11;2;no;Akdeniz ve Ege Ic Kesimler Bolgesi;4922.9159
43;Ev Sahibi;31.57;0;no;Bati Bolgesi;12557.6053
18;Kiraci;26.2;0;no;Dogu ve Guneydogu Anadolu Bolgesi;4883.866
7;Ev Sahibi;25.74;0;no;Bati Bolgesi;2137.6536
38;Kiraci;26.6;1;no;Akdeniz ve Ege Ic Kesimler Bolgesi;12044.342
0;Ev Sahibi;34.43;0;no;Bati Bolgesi;1137.4697
1;Ev Sahibi;30.59;0;no;Akdeniz ve Ege Ic Kesimler Bolgesi;1639.5631
21;Kiraci;32.8;0;no;Dogu ve Guneydogu Anadolu Bolgesi;5649.715
27;Kiraci;28.6;2;no;Bati Bolgesi;8516.829
33;Kiraci;18.05;0;no;Akdeniz ve Ege Ic Kesimler Bolgesi;9644.2525
46;Kiraci;39.33;0;no;Ic Anadolu ve Karadeniz Bolgesi;14901.5167
1;Kiraci;32.11;0;no;Akdeniz ve Ege Ic Kesimler Bolgesi;2130.6759
30;Kiraci;32.23;1;no;Bati Bolgesi;8871.1517
42;Kiraci;24.035;0;no;Akdeniz ve Ege Ic Kesimler Bolgesi;13012.20865
9;Kiraci;36.08;0;yes;Bati Bolgesi;37133.8982
28;Ev Sahibi;22.3;0;no;Dogu ve Guneydogu Anadolu Bolgesi;7147.105
10;Kiraci;28.88;1;no;Ic Anadolu ve Karadeniz Bolgesi;4337.7352
41;Ev Sahibi;26.4;0;no;Bati Bolgesi;11743.299
17;Ev Sahibi;27.74;2;yes;Ic Anadolu ve Karadeniz Bolgesi;20984.0936
45;Kiraci;31.8;0;no;Dogu ve Guneydogu Anadolu Bolgesi;13880.949
22;Ev Sahibi;41.23;1;no;Ic Anadolu ve Karadeniz Bolgesi;6610.1097
2;Ev Sahibi;33;1;no;Dogu ve Guneydogu Anadolu Bolgesi;1980.07
22;Ev Sahibi;30.875;4;no;Akdeniz ve Ege Ic Kesimler Bolgesi;8162.71625
6;Ev Sahibi;28.5;2;no;Akdeniz ve Ege Ic Kesimler Bolgesi;3537.703
16;Kiraci;26.73;1;no;Bati Bolgesi;5002.7827
27;Kiraci;30.9;2;no;Dogu ve Guneydogu Anadolu Bolgesi;8520.026
23;Kiraci;37.1;2;no;Dogu ve Guneydogu Anadolu Bolgesi;7371.772
35;Kiraci;26.6;0;no;Akdeniz ve Ege Ic Kesimler Bolgesi;10355.641
9;Ev Sahibi;23.1;0;no;Bati Bolgesi;2483.736
8;Kiraci;29.92;1;no;Bati Bolgesi;3392.9768
6;Kiraci;23.21;0;no;Bati Bolgesi;25081.76784
16;Kiraci;33.7;1;no;Dogu ve Guneydogu Anadolu Bolgesi;5012.471
35;Kiraci;33.25;0;no;Ic Anadolu ve Karadeniz Bolgesi;10564.8845
14;Ev Sahibi;30.8;3;no;Dogu ve Guneydogu Anadolu Bolgesi;5253.524
1;Ev Sahibi;34.8;0;yes;Dogu ve Guneydogu Anadolu Bolgesi;34779.615
24;Ev Sahibi;24.64;0;yes;Bati Bolgesi;19515.5416
37;Ev Sahibi;33.88;3;no;Bati Bolgesi;11987.1682
10;Ev Sahibi;38.06;0;no;Bati Bolgesi;2689.4954
40;Kiraci;41.91;0;no;Bati Bolgesi;24227.33724
23;Kiraci;31.635;1;no;Ic Anadolu ve Karadeniz Bolgesi;7358.17565
29;Ev Sahibi;25.46;2;no;Ic Anadolu ve Karadeniz Bolgesi;9225.2564
24;Kiraci;36.195;1;no;Akdeniz ve Ege Ic Kesimler Bolgesi;7443.64305
41;Kiraci;27.83;3;no;Bati Bolgesi;14001.2867
1;Kiraci;17.8;0;no;Dogu ve Guneydogu Anadolu Bolgesi;1727.785
41;Ev Sahibi;27.5;1;no;Dogu ve Guneydogu Anadolu Bolgesi;12333.828
21;Ev Sahibi;24.51;2;no;Akdeniz ve Ege Ic Kesimler Bolgesi;6710.1919
22;Kiraci;22.22;2;yes;Bati Bolgesi;19444.2658
0;Kiraci;26.73;0;no;Bati Bolgesi;1615.7667
13;Ev Sahibi;38.39;2;no;Bati Bolgesi;4463.2051
1;Ev Sahibi;29.07;0;yes;Akdeniz ve Ege Ic Kesimler Bolgesi;17352.6803
26;Ev Sahibi;38.06;1;no;Bati Bolgesi;7152.6714
5;Kiraci;36.67;2;yes;Ic Anadolu ve Karadeniz Bolgesi;38511.6283
15;Kiraci;22.135;1;no;Ic Anadolu ve Karadeniz Bolgesi;5354.07465
37;Kiraci;26.8;1;no;Dogu ve Guneydogu Anadolu Bolgesi;35160.13457
22;Ev Sahibi;35.3;3;no;Dogu ve Guneydogu Anadolu Bolgesi;7196.867
45;Kiraci;27.74;0;yes;Ic Anadolu ve Karadeniz Bolgesi;29523.1656
36;Ev Sahibi;30.02;0;no;Akdeniz ve Ege Ic Kesimler Bolgesi;24476.47851
42;Kiraci;38.06;0;no;Bati Bolgesi;12648.7034
6;Ev Sahibi;35.86;0;no;Bati Bolgesi;1986.9334
1;Ev Sahibi;20.9;1;no;Dogu ve Guneydogu Anadolu Bolgesi;1832.094
11;Ev Sahibi;28.975;1;no;Ic Anadolu ve Karadeniz Bolgesi;4040.55825
0;Ev Sahibi;17.29;2;yes;Ic Anadolu ve Karadeniz Bolgesi;12829.4551
45;Kiraci;32.2;2;yes;Dogu ve Guneydogu Anadolu Bolgesi;47305.305
36;Ev Sahibi;34.21;2;yes;Bati Bolgesi;44260.7499
9;Ev Sahibi;30.3;3;no;Dogu ve Guneydogu Anadolu Bolgesi;4260.744
32;Ev Sahibi;31.825;0;yes;Ic Anadolu ve Karadeniz Bolgesi;41097.16175
37;Kiraci;25.365;3;no;Ic Anadolu ve Karadeniz Bolgesi;13047.33235
38;Ev Sahibi;33.63;0;yes;Akdeniz ve Ege Ic Kesimler Bolgesi;43921.1837
20;Kiraci;40.15;0;no;Bati Bolgesi;5400.9805
33;Ev Sahibi;24.415;4;no;Akdeniz ve Ege Ic Kesimler Bolgesi;11520.09985
1;Ev Sahibi;31.92;0;yes;Akdeniz ve Ege Ic Kesimler Bolgesi;33750.2918
40;Kiraci;25.2;0;no;Dogu ve Guneydogu Anadolu Bolgesi;11837.16
2;Kiraci;26.84;1;yes;Bati Bolgesi;17085.2676
34;Ev Sahibi;24.32;3;yes;Ic Anadolu ve Karadeniz Bolgesi;24869.8368
1;Ev Sahibi;36.955;0;yes;Akdeniz ve Ege Ic Kesimler Bolgesi;36219.40545
35;Kiraci;38.06;3;no;Bati Bolgesi;20462.99766
28;Ev Sahibi;42.35;3;yes;Bati Bolgesi;46151.1245
22;Ev Sahibi;19.8;1;yes;Bati Bolgesi;17179.522
41;Kiraci;32.395;3;no;Ic Anadolu ve Karadeniz Bolgesi;14590.63205
27;Ev Sahibi;30.2;1;no;Dogu ve Guneydogu Anadolu Bolgesi;7441.053
31;Ev Sahibi;25.84;1;no;Ic Anadolu ve Karadeniz Bolgesi;9282.4806
0;Ev Sahibi;29.37;1;no;Bati Bolgesi;1719.4363
32;Ev Sahibi;34.2;2;yes;Dogu ve Guneydogu Anadolu Bolgesi;42856.838
23;Ev Sahibi;37.05;2;no;Akdeniz ve Ege Ic Kesimler Bolgesi;7265.7025
32;Ev Sahibi;27.455;1;no;Ic Anadolu ve Karadeniz Bolgesi;9617.66245
7;Ev Sahibi;27.55;0;no;Akdeniz ve Ege Ic Kesimler Bolgesi;2523.1695
29;Kiraci;26.6;2;no;Ic Anadolu ve Karadeniz Bolgesi;9715.841
1;Ev Sahibi;20.615;2;no;Akdeniz ve Ege Ic Kesimler Bolgesi;2803.69785
4;Kiraci;24.3;0;no;Dogu ve Guneydogu Anadolu Bolgesi;2150.469
41;Ev Sahibi;31.79;2;no;Bati Bolgesi;12928.7911
33;Kiraci;21.56;1;no;Bati Bolgesi;9855.1314
22;Kiraci;28.12;1;yes;Ic Anadolu ve Karadeniz Bolgesi;22331.5668
36;Ev Sahibi;40.565;3;yes;Ic Anadolu ve Karadeniz Bolgesi;48549.17835
12;Ev Sahibi;27.645;1;no;Ic Anadolu ve Karadeniz Bolgesi;4237.12655
37;Kiraci;32.395;1;no;Ic Anadolu ve Karadeniz Bolgesi;11879.10405
34;Kiraci;31.2;0;no;Dogu ve Guneydogu Anadolu Bolgesi;9625.92
28;Ev Sahibi;26.62;1;no;Bati Bolgesi;7742.1098
28;Kiraci;48.07;2;no;Ic Anadolu ve Karadeniz Bolgesi;9432.9253
45;Kiraci;26.22;0;no;Akdeniz ve Ege Ic Kesimler Bolgesi;14256.1928
41;Kiraci;36.765;1;yes;Ic Anadolu ve Karadeniz Bolgesi;47896.79135
34;Ev Sahibi;26.4;3;no;Bati Bolgesi;25992.82104
10;Kiraci;33.4;0;no;Dogu ve Guneydogu Anadolu Bolgesi;3172.018
11;Ev Sahibi;29.64;1;no;Ic Anadolu ve Karadeniz Bolgesi;20277.80751
7;Ev Sahibi;45.54;2;yes;Bati Bolgesi;42112.2356
4;Kiraci;28.82;0;no;Bati Bolgesi;2156.7518
7;Ev Sahibi;26.8;3;no;Dogu ve Guneydogu Anadolu Bolgesi;3906.127
0;Ev Sahibi;22.99;0;no;Ic Anadolu ve Karadeniz Bolgesi;1704.5681
1;Ev Sahibi;27.7;0;yes;Dogu ve Guneydogu Anadolu Bolgesi;16297.846
29;Ev Sahibi;25.41;1;yes;Bati Bolgesi;21978.6769
13;Ev Sahibi;34.39;3;yes;Akdeniz ve Ege Ic Kesimler Bolgesi;38746.3551
30;Kiraci;28.88;1;no;Akdeniz ve Ege Ic Kesimler Bolgesi;9249.4952
18;Ev Sahibi;27.55;3;no;Ic Anadolu ve Karadeniz Bolgesi;6746.7425
35;Kiraci;22.61;3;yes;Ic Anadolu ve Karadeniz Bolgesi;24873.3849
38;Kiraci;37.51;2;no;Bati Bolgesi;12265.5069
10;Kiraci;33;2;no;Bati Bolgesi;4349.462
39;Kiraci;38;2;no;Dogu ve Guneydogu Anadolu Bolgesi;12646.207
11;Ev Sahibi;33.345;2;no;Akdeniz ve Ege Ic Kesimler Bolgesi;19442.3535
10;Kiraci;27.5;2;no;Dogu ve Guneydogu Anadolu Bolgesi;20177.67113
12;Kiraci;33.33;1;no;Bati Bolgesi;4151.0287
40;Ev Sahibi;34.865;0;no;Ic Anadolu ve Karadeniz Bolgesi;11944.59435
23;Kiraci;33.06;2;no;Akdeniz ve Ege Ic Kesimler Bolgesi;7749.1564
32;Ev Sahibi;26.6;0;no;Dogu ve Guneydogu Anadolu Bolgesi;8444.474
1;Kiraci;24.7;0;no;Dogu ve Guneydogu Anadolu Bolgesi;1737.376
25;Ev Sahibi;35.97;3;yes;Bati Bolgesi;42124.5153
31;Ev Sahibi;35.86;0;no;Bati Bolgesi;8124.4084
9;Kiraci;31.4;0;yes;Dogu ve Guneydogu Anadolu Bolgesi;34838.873
34;Ev Sahibi;33.25;0;no;Ic Anadolu ve Karadeniz Bolgesi;9722.7695
32;Ev Sahibi;32.205;0;no;Akdeniz ve Ege Ic Kesimler Bolgesi;8835.26495
36;Ev Sahibi;32.775;0;no;Ic Anadolu ve Karadeniz Bolgesi;10435.06525
26;Kiraci;27.645;0;no;Akdeniz ve Ege Ic Kesimler Bolgesi;7421.19455
14;Ev Sahibi;37.335;1;no;Ic Anadolu ve Karadeniz Bolgesi;4667.60765
16;Ev Sahibi;25.27;1;no;Akdeniz ve Ege Ic Kesimler Bolgesi;4894.7533
8;Kiraci;29.64;4;no;Ic Anadolu ve Karadeniz Bolgesi;24671.66334
16;Ev Sahibi;30.8;0;yes;Dogu ve Guneydogu Anadolu Bolgesi;35491.64
39;Ev Sahibi;40.945;0;no;Ic Anadolu ve Karadeniz Bolgesi;11566.30055
11;Ev Sahibi;27.2;0;no;Dogu ve Guneydogu Anadolu Bolgesi;2866.091
22;Ev Sahibi;34.105;1;no;Ic Anadolu ve Karadeniz Bolgesi;6600.20595
9;Kiraci;23.21;1;no;Bati Bolgesi;3561.8889
27;Ev Sahibi;36.48;2;yes;Akdeniz ve Ege Ic Kesimler Bolgesi;42760.5022
46;Kiraci;33.8;1;yes;Dogu ve Guneydogu Anadolu Bolgesi;47928.03
34;Ev Sahibi;36.7;0;no;Dogu ve Guneydogu Anadolu Bolgesi;9144.565
43;Kiraci;36.385;1;yes;Ic Anadolu ve Karadeniz Bolgesi;48517.56315
34;Ev Sahibi;27.36;0;yes;Akdeniz ve Ege Ic Kesimler Bolgesi;24393.6224
43;Kiraci;31.16;0;no;Akdeniz ve Ege Ic Kesimler Bolgesi;13429.0354
38;Kiraci;28.785;0;no;Ic Anadolu ve Karadeniz Bolgesi;11658.37915
25;Kiraci;35.72;2;no;Ic Anadolu ve Karadeniz Bolgesi;19144.57652
46;Ev Sahibi;34.5;0;no;Dogu ve Guneydogu Anadolu Bolgesi;13822.803
42;Ev Sahibi;25.74;0;no;Bati Bolgesi;12142.5786
44;Ev Sahibi;27.55;1;no;Akdeniz ve Ege Ic Kesimler Bolgesi;13937.6665
32;Ev Sahibi;32.3;1;yes;Ic Anadolu ve Karadeniz Bolgesi;41919.097
28;Kiraci;27.72;1;no;Bati Bolgesi;8232.6388
6;Kiraci;27.6;0;no;Dogu ve Guneydogu Anadolu Bolgesi;18955.22017
44;Ev Sahibi;30.02;0;no;Akdeniz ve Ege Ic Kesimler Bolgesi;13352.0998
42;Kiraci;27.55;0;no;Ic Anadolu ve Karadeniz Bolgesi;13217.0945
45;Ev Sahibi;36.765;0;no;Ic Anadolu ve Karadeniz Bolgesi;13981.85035
31;Kiraci;41.47;4;no;Bati Bolgesi;10977.2063
16;Kiraci;29.26;3;no;Bati Bolgesi;6184.2994
15;Ev Sahibi;35.75;2;no;Bati Bolgesi;4889.9995
28;Ev Sahibi;33.345;1;no;Ic Anadolu ve Karadeniz Bolgesi;8334.45755
18;Kiraci;29.92;1;no;Bati Bolgesi;5478.0368
1;Ev Sahibi;27.835;0;no;Akdeniz ve Ege Ic Kesimler Bolgesi;1635.73365
39;Kiraci;23.18;0;no;Akdeniz ve Ege Ic Kesimler Bolgesi;11830.6072
32;Kiraci;25.6;0;no;Dogu ve Guneydogu Anadolu Bolgesi;8932.084
12;Kiraci;27.7;0;no;Dogu ve Guneydogu Anadolu Bolgesi;3554.203
15;Ev Sahibi;35.245;0;no;Ic Anadolu ve Karadeniz Bolgesi;12404.8791
0;Kiraci;38.28;0;no;Bati Bolgesi;14133.03775
28;Ev Sahibi;27.6;0;no;Dogu ve Guneydogu Anadolu Bolgesi;24603.04837
28;Ev Sahibi;43.89;3;no;Bati Bolgesi;8944.1151
29;Ev Sahibi;29.83;3;no;Akdeniz ve Ege Ic Kesimler Bolgesi;9620.3307
5;Ev Sahibi;41.91;0;no;Bati Bolgesi;1837.2819
0;Kiraci;20.79;0;no;Bati Bolgesi;1607.5101
30;Kiraci;32.3;2;no;Ic Anadolu ve Karadeniz Bolgesi;10043.249
17;Ev Sahibi;30.5;1;no;Dogu ve Guneydogu Anadolu Bolgesi;4751.07
1;Kiraci;21.7;0;yes;Dogu ve Guneydogu Anadolu Bolgesi;13844.506
3;Kiraci;26.4;1;no;Dogu ve Guneydogu Anadolu Bolgesi;2597.779
3;Kiraci;21.89;2;no;Bati Bolgesi;3180.5101
31;Kiraci;30.78;1;no;Ic Anadolu ve Karadeniz Bolgesi;9778.3472
38;Kiraci;32.3;3;no;Ic Anadolu ve Karadeniz Bolgesi;13430.265
24;Kiraci;24.985;2;no;Akdeniz ve Ege Ic Kesimler Bolgesi;8017.06115
26;Ev Sahibi;32.015;2;no;Akdeniz ve Ege Ic Kesimler Bolgesi;8116.26885
0;Ev Sahibi;30.4;3;no;Ic Anadolu ve Karadeniz Bolgesi;3481.868
43;Kiraci;21.09;0;no;Akdeniz ve Ege Ic Kesimler Bolgesi;13415.0381
39;Kiraci;22.23;0;no;Ic Anadolu ve Karadeniz Bolgesi;12029.2867
24;Kiraci;33.155;1;no;Ic Anadolu ve Karadeniz Bolgesi;7639.41745
8;Ev Sahibi;32.9;2;yes;Dogu ve Guneydogu Anadolu Bolgesi;36085.219
2;Ev Sahibi;33.33;0;no;Bati Bolgesi;1391.5287
5;Kiraci;28.31;0;yes;Akdeniz ve Ege Ic Kesimler Bolgesi;18033.9679
21;Kiraci;24.89;3;yes;Ic Anadolu ve Karadeniz Bolgesi;21659.9301
6;Ev Sahibi;40.15;0;yes;Bati Bolgesi;38126.2465
46;Kiraci;30.115;3;no;Akdeniz ve Ege Ic Kesimler Bolgesi;16455.70785
44;Ev Sahibi;31.46;1;no;Bati Bolgesi;27000.98473
9;Kiraci;17.955;2;yes;Ic Anadolu ve Karadeniz Bolgesi;15006.57945
37;Ev Sahibi;30.685;0;yes;Ic Anadolu ve Karadeniz Bolgesi;42303.69215
37;Ev Sahibi;33;0;no;Bati Bolgesi;20781.48892
17;Kiraci;43.34;2;no;Bati Bolgesi;5846.9176
26;Ev Sahibi;22.135;2;no;Ic Anadolu ve Karadeniz Bolgesi;8302.53565
1;Ev Sahibi;34.4;0;no;Dogu ve Guneydogu Anadolu Bolgesi;1261.859
40;Kiraci;39.05;0;no;Bati Bolgesi;11856.4115
32;Ev Sahibi;25.365;2;no;Akdeniz ve Ege Ic Kesimler Bolgesi;30284.64294
8;Kiraci;22.61;0;no;Akdeniz ve Ege Ic Kesimler Bolgesi;3176.8159
6;Kiraci;30.21;3;no;Akdeniz ve Ege Ic Kesimler Bolgesi;4618.0799
30;Ev Sahibi;35.625;4;no;Ic Anadolu ve Karadeniz Bolgesi;10736.87075
1;Kiraci;37.43;0;no;Akdeniz ve Ege Ic Kesimler Bolgesi;2138.0707
30;Ev Sahibi;31.445;1;no;Ic Anadolu ve Karadeniz Bolgesi;8964.06055
31;Ev Sahibi;31.35;1;no;Ic Anadolu ve Karadeniz Bolgesi;9290.1395
28;Kiraci;32.3;2;no;Ic Anadolu ve Karadeniz Bolgesi;9411.005
28;Ev Sahibi;19.855;0;no;Akdeniz ve Ege Ic Kesimler Bolgesi;7526.70645
25;Kiraci;34.4;3;no;Dogu ve Guneydogu Anadolu Bolgesi;8522.003
3;Ev Sahibi;31.02;0;no;Bati Bolgesi;16586.49771
46;Ev Sahibi;25.6;2;no;Dogu ve Guneydogu Anadolu Bolgesi;14988.432
0;Kiraci;38.17;0;no;Bati Bolgesi;1631.6683
33;Kiraci;20.6;0;no;Dogu ve Guneydogu Anadolu Bolgesi;9264.797
29;Ev Sahibi;47.52;1;no;Bati Bolgesi;8083.9198
46;Kiraci;32.965;0;no;Akdeniz ve Ege Ic Kesimler Bolgesi;14692.66935
31;Ev Sahibi;32.3;3;no;Akdeniz ve Ege Ic Kesimler Bolgesi;10269.46
13;Ev Sahibi;20.4;0;no;Dogu ve Guneydogu Anadolu Bolgesi;3260.199
34;Kiraci;38.38;2;no;Ic Anadolu ve Karadeniz Bolgesi;11396.9002
15;Kiraci;24.31;0;no;Bati Bolgesi;4185.0979
29;Kiraci;23.6;1;no;Dogu ve Guneydogu Anadolu Bolgesi;8539.671
20;Ev Sahibi;21.12;3;no;Bati Bolgesi;6652.5288
14;Ev Sahibi;30.03;1;no;Bati Bolgesi;4074.4537
1;Ev Sahibi;17.48;0;no;Akdeniz ve Ege Ic Kesimler Bolgesi;1621.3402
26;Kiraci;20.235;1;yes;Ic Anadolu ve Karadeniz Bolgesi;19594.80965
8;Kiraci;17.195;2;yes;Ic Anadolu ve Karadeniz Bolgesi;14455.64405
7;Ev Sahibi;23.9;5;no;Dogu ve Guneydogu Anadolu Bolgesi;5080.096
1;Kiraci;35.15;0;no;Akdeniz ve Ege Ic Kesimler Bolgesi;2134.9015
25;Kiraci;35.64;1;no;Bati Bolgesi;7345.7266
34;Ev Sahibi;34.1;0;no;Bati Bolgesi;9140.951
18;Kiraci;22.6;2;yes;Dogu ve Guneydogu Anadolu Bolgesi;18608.262
46;Ev Sahibi;39.16;1;no;Bati Bolgesi;14418.2804
45;Kiraci;26.98;0;yes;Akdeniz ve Ege Ic Kesimler Bolgesi;28950.4692
46;Ev Sahibi;33.88;0;yes;Bati Bolgesi;46889.2612
43;Ev Sahibi;35.86;0;yes;Bati Bolgesi;46599.1084
22;Ev Sahibi;32.775;1;yes;Ic Anadolu ve Karadeniz Bolgesi;39125.33225
7;Ev Sahibi;30.59;0;no;Ic Anadolu ve Karadeniz Bolgesi;2727.3951
30;Ev Sahibi;30.2;2;no;Dogu ve Guneydogu Anadolu Bolgesi;8968.33
27;Ev Sahibi;24.31;5;no;Bati Bolgesi;9788.8659
20;Kiraci;27.265;1;no;Ic Anadolu ve Karadeniz Bolgesi;6555.07035
0;Kiraci;29.165;0;no;Ic Anadolu ve Karadeniz Bolgesi;7323.734819
3;Kiraci;16.815;1;no;Ic Anadolu ve Karadeniz Bolgesi;3167.45585
9;Kiraci;30.4;3;no;Akdeniz ve Ege Ic Kesimler Bolgesi;18804.7524
1;Ev Sahibi;33.1;0;no;Dogu ve Guneydogu Anadolu Bolgesi;23082.95533
11;Kiraci;20.235;2;no;Akdeniz ve Ege Ic Kesimler Bolgesi;4906.40965
24;Ev Sahibi;26.9;0;no;Dogu ve Guneydogu Anadolu Bolgesi;5969.723
42;Kiraci;30.5;0;no;Dogu ve Guneydogu Anadolu Bolgesi;12638.195
13;Ev Sahibi;28.595;1;no;Akdeniz ve Ege Ic Kesimler Bolgesi;4243.59005
42;Ev Sahibi;33.11;3;no;Bati Bolgesi;13919.8229
4;Ev Sahibi;31.73;0;no;Ic Anadolu ve Karadeniz Bolgesi;2254.7967
17;Ev Sahibi;28.9;3;no;Dogu ve Guneydogu Anadolu Bolgesi;5926.846
34;Kiraci;46.75;5;no;Bati Bolgesi;12592.5345
8;Ev Sahibi;29.45;0;no;Ic Anadolu ve Karadeniz Bolgesi;2897.3235
13;Kiraci;32.68;1;no;Akdeniz ve Ege Ic Kesimler Bolgesi;4738.2682
15;Kiraci;33.5;0;yes;Dogu ve Guneydogu Anadolu Bolgesi;37079.372
0;Ev Sahibi;43.01;0;no;Bati Bolgesi;1149.3959
41;Kiraci;36.52;1;no;Bati Bolgesi;28287.89766
38;Ev Sahibi;26.695;1;yes;Akdeniz ve Ege Ic Kesimler Bolgesi;26109.32905
27;Kiraci;33.1;0;no;Dogu ve Guneydogu Anadolu Bolgesi;7345.084
42;Ev Sahibi;29.64;0;no;Ic Anadolu ve Karadeniz Bolgesi;12730.9996
38;Kiraci;25.65;0;no;Akdeniz ve Ege Ic Kesimler Bolgesi;11454.0215
22;Kiraci;29.6;0;no;Dogu ve Guneydogu Anadolu Bolgesi;5910.944
17;Ev Sahibi;38.6;1;no;Dogu ve Guneydogu Anadolu Bolgesi;4762.329
21;Ev Sahibi;29.6;4;no;Dogu ve Guneydogu Anadolu Bolgesi;7512.267
12;Ev Sahibi;24.13;1;no;Akdeniz ve Ege Ic Kesimler Bolgesi;4032.2407
6;Ev Sahibi;23.4;0;no;Dogu ve Guneydogu Anadolu Bolgesi;1969.614
2;Ev Sahibi;29.735;0;no;Akdeniz ve Ege Ic Kesimler Bolgesi;1769.53165
14;Ev Sahibi;46.53;2;no;Bati Bolgesi;4686.3887
41;Ev Sahibi;37.4;0;no;Dogu ve Guneydogu Anadolu Bolgesi;21797.0004
37;Kiraci;30.14;2;no;Bati Bolgesi;11881.9696
39;Kiraci;30.495;0;no;Akdeniz ve Ege Ic Kesimler Bolgesi;11840.77505
38;Ev Sahibi;39.6;0;no;Dogu ve Guneydogu Anadolu Bolgesi;10601.412
22;Kiraci;33;3;no;Bati Bolgesi;7682.67
31;Kiraci;36.63;3;no;Bati Bolgesi;10381.4787
24;Ev Sahibi;30;0;yes;Dogu ve Guneydogu Anadolu Bolgesi;22144.032
44;Kiraci;38.095;2;no;Ic Anadolu ve Karadeniz Bolgesi;15230.32405
38;Ev Sahibi;25.935;0;no;Ic Anadolu ve Karadeniz Bolgesi;11165.41765
1;Ev Sahibi;25.175;0;no;Akdeniz ve Ege Ic Kesimler Bolgesi;1632.03625
12;Kiraci;28.38;1;yes;Bati Bolgesi;19521.9682
42;Kiraci;28.7;1;no;Dogu ve Guneydogu Anadolu Bolgesi;13224.693
38;Kiraci;33.82;2;no;Akdeniz ve Ege Ic Kesimler Bolgesi;12643.3778
10;Kiraci;24.32;1;no;Ic Anadolu ve Karadeniz Bolgesi;23288.9284
0;Kiraci;24.09;1;no;Bati Bolgesi;2201.0971
9;Ev Sahibi;32.67;0;no;Bati Bolgesi;2497.0383
0;Kiraci;30.115;0;no;Ic Anadolu ve Karadeniz Bolgesi;2203.47185
1;Kiraci;29.8;0;no;Dogu ve Guneydogu Anadolu Bolgesi;1744.465
29;Kiraci;33.345;0;no;Ic Anadolu ve Karadeniz Bolgesi;20878.78443
36;Ev Sahibi;25.1;3;yes;Dogu ve Guneydogu Anadolu Bolgesi;25382.297
43;Ev Sahibi;28.31;1;yes;Akdeniz ve Ege Ic Kesimler Bolgesi;28868.6639
6;Ev Sahibi;28.5;0;yes;Ic Anadolu ve Karadeniz Bolgesi;35147.52848
7;Ev Sahibi;35.625;0;no;Akdeniz ve Ege Ic Kesimler Bolgesi;2534.39375
3;Ev Sahibi;36.85;0;no;Bati Bolgesi;1534.3045
5;Ev Sahibi;32.56;0;no;Bati Bolgesi;1824.2854
45;Ev Sahibi;41.325;3;no;Akdeniz ve Ege Ic Kesimler Bolgesi;15555.18875
31;Ev Sahibi;37.51;2;no;Bati Bolgesi;9304.7019
0;Kiraci;31.35;0;no;Bati Bolgesi;1622.1885
33;Kiraci;39.5;1;no;Dogu ve Guneydogu Anadolu Bolgesi;9880.068
30;Ev Sahibi;34.3;3;no;Dogu ve Guneydogu Anadolu Bolgesi;9563.029
13;Kiraci;31.065;0;no;Ic Anadolu ve Karadeniz Bolgesi;4347.02335
36;Kiraci;21.47;3;no;Akdeniz ve Ege Ic Kesimler Bolgesi;12475.3513
1;Ev Sahibi;28.7;0;no;Dogu ve Guneydogu Anadolu Bolgesi;1253.936
26;Kiraci;38.06;0;yes;Bati Bolgesi;48885.13561
35;Ev Sahibi;31.16;1;no;Akdeniz ve Ege Ic Kesimler Bolgesi;10461.9794
1;Kiraci;32.9;0;no;Dogu ve Guneydogu Anadolu Bolgesi;1748.774
43;Kiraci;25.08;0;no;Bati Bolgesi;24513.09126
0;Kiraci;25.08;0;no;Ic Anadolu ve Karadeniz Bolgesi;2196.4732
43;Ev Sahibi;43.4;0;no;Dogu ve Guneydogu Anadolu Bolgesi;12574.049
3;Ev Sahibi;25.7;4;yes;Dogu ve Guneydogu Anadolu Bolgesi;17942.106
2;Ev Sahibi;27.93;0;no;Ic Anadolu ve Karadeniz Bolgesi;1967.0227
13;Kiraci;23.6;2;no;Dogu ve Guneydogu Anadolu Bolgesi;4931.647
27;Ev Sahibi;28.7;2;no;Dogu ve Guneydogu Anadolu Bolgesi;8027.968
26;Kiraci;23.98;2;no;Bati Bolgesi;8211.1002
44;Kiraci;39.2;0;no;Dogu ve Guneydogu Anadolu Bolgesi;13470.86
11;Ev Sahibi;34.4;0;yes;Dogu ve Guneydogu Anadolu Bolgesi;36197.699
25;Ev Sahibi;26.03;0;no;Ic Anadolu ve Karadeniz Bolgesi;6837.3687
33;Ev Sahibi;23.21;1;yes;Bati Bolgesi;22218.1149
1;Ev Sahibi;30.25;0;yes;Bati Bolgesi;32548.3405
20;Kiraci;28.93;1;no;Bati Bolgesi;5974.3847
19;Ev Sahibi;30.875;3;no;Akdeniz ve Ege Ic Kesimler Bolgesi;6796.86325
4;Ev Sahibi;31.35;1;no;Akdeniz ve Ege Ic Kesimler Bolgesi;2643.2685
3;Ev Sahibi;23.75;2;no;Akdeniz ve Ege Ic Kesimler Bolgesi;3077.0955
6;Kiraci;25.27;0;no;Ic Anadolu ve Karadeniz Bolgesi;3044.2133
39;Kiraci;28.7;0;no;Dogu ve Guneydogu Anadolu Bolgesi;11455.28
38;Ev Sahibi;32.11;1;no;Ic Anadolu ve Karadeniz Bolgesi;11763.0009
9;Ev Sahibi;33.66;0;no;Bati Bolgesi;2498.4144
33;Ev Sahibi;22.42;0;no;Ic Anadolu ve Karadeniz Bolgesi;9361.3268
1;Ev Sahibi;30.4;0;no;Dogu ve Guneydogu Anadolu Bolgesi;1256.299
21;Ev Sahibi;28.3;1;yes;Dogu ve Guneydogu Anadolu Bolgesi;21082.16
40;Ev Sahibi;35.7;0;no;Dogu ve Guneydogu Anadolu Bolgesi;11362.755
2;Ev Sahibi;35.31;1;no;Bati Bolgesi;27724.28875
27;Ev Sahibi;30.495;2;no;Akdeniz ve Ege Ic Kesimler Bolgesi;8413.46305
17;Kiraci;31;1;no;Dogu ve Guneydogu Anadolu Bolgesi;5240.765
13;Ev Sahibi;30.875;0;no;Ic Anadolu ve Karadeniz Bolgesi;3857.75925
32;Kiraci;27.36;0;no;Ic Anadolu ve Karadeniz Bolgesi;25656.57526
14;Kiraci;44.22;0;no;Bati Bolgesi;3994.1778
33;Kiraci;33.915;0;no;Ic Anadolu ve Karadeniz Bolgesi;9866.30485
20;Kiraci;37.73;0;no;Bati Bolgesi;5397.6167
24;Ev Sahibi;26.07;1;yes;Bati Bolgesi;38245.59327
0;Kiraci;33.88;0;no;Bati Bolgesi;11482.63485
1;Kiraci;30.59;2;no;Akdeniz ve Ege Ic Kesimler Bolgesi;24059.68019
33;Kiraci;25.8;1;no;Dogu ve Guneydogu Anadolu Bolgesi;9861.025
28;Ev Sahibi;39.425;1;no;Ic Anadolu ve Karadeniz Bolgesi;8342.90875
0;Ev Sahibi;25.46;0;no;Ic Anadolu ve Karadeniz Bolgesi;1708.0014
39;Ev Sahibi;42.13;1;yes;Bati Bolgesi;48675.5177
44;Kiraci;31.73;0;no;Ic Anadolu ve Karadeniz Bolgesi;14043.4767
41;Ev Sahibi;29.7;2;no;Bati Bolgesi;12925.886
19;Ev Sahibi;36.19;0;no;Bati Bolgesi;19214.70553
46;Ev Sahibi;40.48;0;no;Bati Bolgesi;13831.1152
20;Ev Sahibi;28.025;1;no;Ic Anadolu ve Karadeniz Bolgesi;6067.12675
15;Kiraci;38.9;3;no;Dogu ve Guneydogu Anadolu Bolgesi;5972.378
28;Kiraci;30.2;2;no;Dogu ve Guneydogu Anadolu Bolgesi;8825.086
28;Kiraci;28.05;1;no;Bati Bolgesi;8233.0975
35;Ev Sahibi;31.35;0;no;Bati Bolgesi;27346.04207
16;Kiraci;38;3;no;Dogu ve Guneydogu Anadolu Bolgesi;6196.448
2;Kiraci;31.79;2;no;Bati Bolgesi;3056.3881
45;Kiraci;36.3;0;no;Bati Bolgesi;13887.204
36;Kiraci;47.41;0;yes;Bati Bolgesi;63770.42801
36;Ev Sahibi;30.21;0;no;Akdeniz ve Ege Ic Kesimler Bolgesi;10231.4999
31;Ev Sahibi;25.84;2;yes;Akdeniz ve Ege Ic Kesimler Bolgesi;23807.2406
10;Ev Sahibi;35.435;0;no;Ic Anadolu ve Karadeniz Bolgesi;3268.84665
36;Kiraci;46.7;2;no;Dogu ve Guneydogu Anadolu Bolgesi;11538.421
7;Kiraci;28.595;0;no;Ic Anadolu ve Karadeniz Bolgesi;3213.62205
25;Kiraci;46.2;0;yes;Bati Bolgesi;45863.205
45;Ev Sahibi;30.8;0;no;Dogu ve Guneydogu Anadolu Bolgesi;13390.559
14;Kiraci;28.93;0;no;Bati Bolgesi;3972.9247
44;Ev Sahibi;21.4;0;no;Dogu ve Guneydogu Anadolu Bolgesi;12957.118
34;Kiraci;31.73;2;no;Akdeniz ve Ege Ic Kesimler Bolgesi;11187.6567
7;Kiraci;41.325;0;no;Ic Anadolu ve Karadeniz Bolgesi;17878.90068
10;Ev Sahibi;23.8;2;no;Dogu ve Guneydogu Anadolu Bolgesi;3847.674
28;Ev Sahibi;33.44;1;no;Ic Anadolu ve Karadeniz Bolgesi;8334.5896
16;Ev Sahibi;34.21;0;no;Bati Bolgesi;3935.1799
17;Kiraci;34.105;3;yes;Akdeniz ve Ege Ic Kesimler Bolgesi;39983.42595
1;Ev Sahibi;35.53;0;no;Akdeniz ve Ege Ic Kesimler Bolgesi;1646.4297
28;Kiraci;19.95;2;no;Akdeniz ve Ege Ic Kesimler Bolgesi;9193.8385
36;Kiraci;32.68;0;no;Ic Anadolu ve Karadeniz Bolgesi;10923.9332
9;Ev Sahibi;30.5;0;no;Dogu ve Guneydogu Anadolu Bolgesi;2494.022
32;Ev Sahibi;44.77;1;no;Bati Bolgesi;9058.7303
0;Kiraci;32.12;2;no;Bati Bolgesi;2801.2588
1;Kiraci;30.495;0;no;Akdeniz ve Ege Ic Kesimler Bolgesi;2128.43105
20;Kiraci;40.565;1;no;Akdeniz ve Ege Ic Kesimler Bolgesi;6373.55735
23;Ev Sahibi;30.59;2;no;Akdeniz ve Ege Ic Kesimler Bolgesi;7256.7231
31;Kiraci;31.9;5;no;Dogu ve Guneydogu Anadolu Bolgesi;11552.904
30;Ev Sahibi;40.565;2;yes;Akdeniz ve Ege Ic Kesimler Bolgesi;45702.02235
13;Kiraci;29.1;0;no;Dogu ve Guneydogu Anadolu Bolgesi;3761.292
0;Kiraci;37.29;1;no;Bati Bolgesi;2219.4451
12;Kiraci;43.12;2;no;Bati Bolgesi;4753.6368
44;Kiraci;36.86;1;no;Ic Anadolu ve Karadeniz Bolgesi;31620.00106
39;Kiraci;34.295;2;no;Ic Anadolu ve Karadeniz Bolgesi;13224.05705
40;Kiraci;27.17;0;no;Akdeniz ve Ege Ic Kesimler Bolgesi;12222.8983
4;Ev Sahibi;26.84;0;no;Bati Bolgesi;1664.9996
13;Kiraci;38.095;1;yes;Ic Anadolu ve Karadeniz Bolgesi;58571.07448
34;Ev Sahibi;30.2;1;no;Dogu ve Guneydogu Anadolu Bolgesi;9724.53
7;Kiraci;23.465;0;no;Ic Anadolu ve Karadeniz Bolgesi;3206.49135
41;Ev Sahibi;25.46;1;no;Ic Anadolu ve Karadeniz Bolgesi;12913.9924
1;Ev Sahibi;30.59;0;no;Akdeniz ve Ege Ic Kesimler Bolgesi;1639.5631
21;Ev Sahibi;45.43;2;no;Bati Bolgesi;6356.2707
14;Kiraci;23.65;1;no;Bati Bolgesi;17626.23951
1;Ev Sahibi;20.7;0;no;Dogu ve Guneydogu Anadolu Bolgesi;1242.816
15;Kiraci;28.27;1;no;Bati Bolgesi;4779.6023
3;Ev Sahibi;20.235;3;no;Ic Anadolu ve Karadeniz Bolgesi;3861.20965
16;Kiraci;30.21;1;yes;Akdeniz ve Ege Ic Kesimler Bolgesi;43943.8761
43;Kiraci;35.91;0;no;Ic Anadolu ve Karadeniz Bolgesi;13635.6379
20;Kiraci;30.69;1;no;Bati Bolgesi;5976.8311
40;Kiraci;29;0;no;Dogu ve Guneydogu Anadolu Bolgesi;11842.442
29;Ev Sahibi;19.57;1;no;Akdeniz ve Ege Ic Kesimler Bolgesi;8428.0693
2;Ev Sahibi;31.13;2;no;Bati Bolgesi;2566.4707
3;Kiraci;21.85;1;yes;Ic Anadolu ve Karadeniz Bolgesi;15359.1045
23;Ev Sahibi;40.26;0;no;Bati Bolgesi;5709.1644
28;Kiraci;33.725;1;no;Ic Anadolu ve Karadeniz Bolgesi;8823.98575
24;Kiraci;29.48;2;no;Bati Bolgesi;7640.3092
16;Kiraci;33.25;1;no;Ic Anadolu ve Karadeniz Bolgesi;5594.8455
25;Ev Sahibi;32.6;2;no;Dogu ve Guneydogu Anadolu Bolgesi;7441.501
34;Kiraci;37.525;2;no;Akdeniz ve Ege Ic Kesimler Bolgesi;33471.97189
0;Kiraci;39.16;0;no;Bati Bolgesi;1633.0444
33;Ev Sahibi;31.635;0;no;Akdeniz ve Ege Ic Kesimler Bolgesi;9174.13565
38;Kiraci;25.3;0;no;Dogu ve Guneydogu Anadolu Bolgesi;11070.535
46;Kiraci;39.05;3;no;Bati Bolgesi;16085.1275
1;Kiraci;28.31;0;yes;Akdeniz ve Ege Ic Kesimler Bolgesi;17468.9839
33;Kiraci;34.1;0;no;Bati Bolgesi;9283.562
9;Kiraci;25.175;0;no;Ic Anadolu ve Karadeniz Bolgesi;3558.62025
41;Kiraci;23.655;0;yes;Akdeniz ve Ege Ic Kesimler Bolgesi;25678.77845
10;Ev Sahibi;26.98;2;no;Ic Anadolu ve Karadeniz Bolgesi;4435.0942
12;Ev Sahibi;37.8;2;yes;Dogu ve Guneydogu Anadolu Bolgesi;39241.442
29;Kiraci;29.37;1;no;Bati Bolgesi;8547.6913
20;Kiraci;34.8;2;no;Dogu ve Guneydogu Anadolu Bolgesi;6571.544
0;Kiraci;33.155;0;no;Ic Anadolu ve Karadeniz Bolgesi;2207.69745
16;Kiraci;19;3;no;Ic Anadolu ve Karadeniz Bolgesi;6753.038
2;Kiraci;33;0;no;Bati Bolgesi;1880.07
29;Kiraci;36.63;1;yes;Bati Bolgesi;42969.8527
38;Kiraci;28.595;0;no;Ic Anadolu ve Karadeniz Bolgesi;11658.11505
31;Ev Sahibi;25.6;2;yes;Dogu ve Guneydogu Anadolu Bolgesi;23306.547
1;Kiraci;33.11;0;yes;Bati Bolgesi;34439.8559
37;Kiraci;37.1;0;no;Dogu ve Guneydogu Anadolu Bolgesi;10713.644
12;Ev Sahibi;31.4;1;no;Dogu ve Guneydogu Anadolu Bolgesi;3659.346
19;Ev Sahibi;34.1;4;yes;Dogu ve Guneydogu Anadolu Bolgesi;40182.246
31;Kiraci;21.3;1;no;Dogu ve Guneydogu Anadolu Bolgesi;9182.17
0;Ev Sahibi;33.535;0;yes;Ic Anadolu ve Karadeniz Bolgesi;34617.84065
41;Ev Sahibi;28.785;0;no;Akdeniz ve Ege Ic Kesimler Bolgesi;12129.61415
11;Kiraci;26.03;0;no;Akdeniz ve Ege Ic Kesimler Bolgesi;3736.4647
18;Ev Sahibi;28.88;3;no;Ic Anadolu ve Karadeniz Bolgesi;6748.5912
15;Ev Sahibi;42.46;1;no;Bati Bolgesi;11326.71487
40;Ev Sahibi;38;0;no;Dogu ve Guneydogu Anadolu Bolgesi;11365.952
26;Kiraci;38.95;0;yes;Akdeniz ve Ege Ic Kesimler Bolgesi;42983.4585
35;Ev Sahibi;36.1;1;no;Dogu ve Guneydogu Anadolu Bolgesi;10085.846
6;Ev Sahibi;29.3;0;no;Dogu ve Guneydogu Anadolu Bolgesi;1977.815
11;Kiraci;35.53;0;no;Bati Bolgesi;3366.6697
22;Ev Sahibi;22.705;2;no;Ic Anadolu ve Karadeniz Bolgesi;7173.35995
33;Ev Sahibi;39.7;1;no;Dogu ve Guneydogu Anadolu Bolgesi;9391.346
46;Ev Sahibi;38.19;0;no;Ic Anadolu ve Karadeniz Bolgesi;14410.9321
1;Kiraci;24.51;1;no;Akdeniz ve Ege Ic Kesimler Bolgesi;2709.1119
17;Kiraci;38.095;2;no;Ic Anadolu ve Karadeniz Bolgesi;24915.04626
21;Ev Sahibi;26.41;0;yes;Ic Anadolu ve Karadeniz Bolgesi;20149.3229
38;Ev Sahibi;33.66;4;no;Bati Bolgesi;12949.1554
15;Ev Sahibi;42.4;5;no;Dogu ve Guneydogu Anadolu Bolgesi;6666.243
24;Ev Sahibi;28.31;3;yes;Akdeniz ve Ege Ic Kesimler Bolgesi;32787.45859
43;Ev Sahibi;33.915;0;no;Ic Anadolu ve Karadeniz Bolgesi;13143.86485
5;Kiraci;34.96;3;no;Akdeniz ve Ege Ic Kesimler Bolgesi;4466.6214
25;Ev Sahibi;35.31;2;no;Bati Bolgesi;18806.14547
30;Ev Sahibi;30.78;3;no;Ic Anadolu ve Karadeniz Bolgesi;10141.1362
21;Ev Sahibi;26.22;1;no;Akdeniz ve Ege Ic Kesimler Bolgesi;6123.5688
22;Kiraci;23.37;3;no;Ic Anadolu ve Karadeniz Bolgesi;8252.2843
0;Ev Sahibi;28.5;0;no;Ic Anadolu ve Karadeniz Bolgesi;1712.227
40;Kiraci;32.965;0;no;Ic Anadolu ve Karadeniz Bolgesi;12430.95335
31;Kiraci;42.68;2;no;Bati Bolgesi;9800.8882
35;Kiraci;39.6;1;no;Bati Bolgesi;10579.711
30;Kiraci;31.13;0;no;Bati Bolgesi;8280.6227
27;Kiraci;36.3;2;no;Bati Bolgesi;8527.532
41;Kiraci;35.2;0;no;Bati Bolgesi;12244.531
34;Kiraci;25.3;2;yes;Bati Bolgesi;24667.419
8;Kiraci;42.4;1;no;Dogu ve Guneydogu Anadolu Bolgesi;3410.324
9;Ev Sahibi;33.155;2;no;Akdeniz ve Ege Ic Kesimler Bolgesi;4058.71245
30;Kiraci;35.91;1;no;Ic Anadolu ve Karadeniz Bolgesi;26392.26029
39;Kiraci;28.785;4;no;Ic Anadolu ve Karadeniz Bolgesi;14394.39815
19;Ev Sahibi;46.53;3;no;Bati Bolgesi;6435.6237
39;Kiraci;23.98;1;no;Bati Bolgesi;22192.43711
14;Kiraci;31.54;1;no;Ic Anadolu ve Karadeniz Bolgesi;5148.5526
0;Ev Sahibi;33.66;0;no;Bati Bolgesi;1136.3994
46;Kiraci;22.99;0;yes;Bati Bolgesi;27037.9141
25;Ev Sahibi;38.06;2;yes;Bati Bolgesi;42560.4304
31;Ev Sahibi;28.7;1;no;Dogu ve Guneydogu Anadolu Bolgesi;8703.456
22;Kiraci;32.775;2;yes;Akdeniz ve Ege Ic Kesimler Bolgesi;40003.33225
44;Ev Sahibi;32.015;0;yes;Ic Anadolu ve Karadeniz Bolgesi;45710.20785
22;Kiraci;29.81;1;no;Bati Bolgesi;6500.2359
12;Ev Sahibi;31.57;3;no;Bati Bolgesi;4837.5823
11;Kiraci;31.16;0;no;Ic Anadolu ve Karadeniz Bolgesi;3943.5954
18;Ev Sahibi;29.7;0;no;Bati Bolgesi;4399.731
23;Kiraci;31.02;0;no;Bati Bolgesi;6185.3208
26;Kiraci;43.89;2;yes;Bati Bolgesi;46200.9851
27;Ev Sahibi;21.375;0;no;Akdeniz ve Ege Ic Kesimler Bolgesi;7222.78625
37;Kiraci;40.81;3;no;Bati Bolgesi;12485.8009
42;Ev Sahibi;31.35;3;yes;Akdeniz ve Ege Ic Kesimler Bolgesi;46130.5265
38;Ev Sahibi;36.1;3;no;Dogu ve Guneydogu Anadolu Bolgesi;12363.547
31;Kiraci;23.18;2;no;Akdeniz ve Ege Ic Kesimler Bolgesi;10156.7832
3;Kiraci;17.4;1;no;Dogu ve Guneydogu Anadolu Bolgesi;2585.269
1;Ev Sahibi;20.3;0;no;Dogu ve Guneydogu Anadolu Bolgesi;1242.26
21;Ev Sahibi;35.3;2;yes;Dogu ve Guneydogu Anadolu Bolgesi;40103.89
35;Ev Sahibi;24.32;0;no;Akdeniz ve Ege Ic Kesimler Bolgesi;9863.4718
15;Kiraci;18.5;1;no;Dogu ve Guneydogu Anadolu Bolgesi;4766.022
35;Ev Sahibi;26.41;2;no;Ic Anadolu ve Karadeniz Bolgesi;11244.3769
24;Ev Sahibi;26.125;2;no;Ic Anadolu ve Karadeniz Bolgesi;7729.64575
22;Ev Sahibi;41.69;0;no;Bati Bolgesi;5438.7491
29;Kiraci;24.1;1;no;Dogu ve Guneydogu Anadolu Bolgesi;26236.57997
9;Ev Sahibi;31.13;1;yes;Bati Bolgesi;34806.4677
3;Ev Sahibi;27.36;0;no;Ic Anadolu ve Karadeniz Bolgesi;2104.1134
29;Ev Sahibi;36.2;1;no;Dogu ve Guneydogu Anadolu Bolgesi;8068.185
2;Ev Sahibi;32.395;1;no;Akdeniz ve Ege Ic Kesimler Bolgesi;2362.22905
6;Ev Sahibi;23.655;0;no;Akdeniz ve Ege Ic Kesimler Bolgesi;2352.96845
9;Kiraci;34.8;1;no;Dogu ve Guneydogu Anadolu Bolgesi;3577.999
8;Kiraci;40.185;0;no;Akdeniz ve Ege Ic Kesimler Bolgesi;3201.24515
35;Kiraci;32.3;2;no;Ic Anadolu ve Karadeniz Bolgesi;29186.48236
23;Ev Sahibi;35.75;1;yes;Bati Bolgesi;40273.6455
38;Ev Sahibi;33.725;0;no;Akdeniz ve Ege Ic Kesimler Bolgesi;10976.24575
5;Kiraci;39.27;2;no;Bati Bolgesi;3500.6123
3;Kiraci;34.87;0;no;Bati Bolgesi;2020.5523
32;Kiraci;44.745;0;no;Ic Anadolu ve Karadeniz Bolgesi;9541.69555
35;Ev Sahibi;41.47;0;no;Bati Bolgesi;9504.3103
16;Kiraci;26.41;1;no;Akdeniz ve Ege Ic Kesimler Bolgesi;5385.3379
29;Kiraci;29.545;1;no;Akdeniz ve Ege Ic Kesimler Bolgesi;8930.93455
15;Kiraci;32.9;2;no;Dogu ve Guneydogu Anadolu Bolgesi;5375.038
33;Kiraci;38.06;0;yes;Bati Bolgesi;44400.4064
31;Ev Sahibi;28.69;3;no;Akdeniz ve Ege Ic Kesimler Bolgesi;10264.4421
13;Kiraci;30.495;3;no;Ic Anadolu ve Karadeniz Bolgesi;6113.23105
18;Kiraci;27.74;0;no;Ic Anadolu ve Karadeniz Bolgesi;5469.0066
0;Ev Sahibi;35.2;1;no;Bati Bolgesi;1727.54
32;Kiraci;23.54;2;no;Bati Bolgesi;10107.2206
25;Kiraci;30.685;2;no;Akdeniz ve Ege Ic Kesimler Bolgesi;8310.83915
2;Ev Sahibi;40.47;0;no;Ic Anadolu ve Karadeniz Bolgesi;1984.4533
6;Kiraci;22.6;0;no;Dogu ve Guneydogu Anadolu Bolgesi;2457.502
42;Ev Sahibi;28.9;0;no;Dogu ve Guneydogu Anadolu Bolgesi;12146.971
31;Kiraci;22.61;1;no;Akdeniz ve Ege Ic Kesimler Bolgesi;9566.9909
42;Ev Sahibi;24.32;1;no;Akdeniz ve Ege Ic Kesimler Bolgesi;13112.6048
33;Kiraci;36.67;2;no;Akdeniz ve Ege Ic Kesimler Bolgesi;10848.1343
40;Kiraci;33.44;0;no;Akdeniz ve Ege Ic Kesimler Bolgesi;12231.6136
33;Kiraci;40.66;0;no;Ic Anadolu ve Karadeniz Bolgesi;9875.6804
35;Ev Sahibi;36.6;3;no;Dogu ve Guneydogu Anadolu Bolgesi;11264.541
44;Ev Sahibi;37.4;0;no;Dogu ve Guneydogu Anadolu Bolgesi;12979.358
1;Ev Sahibi;35.4;0;no;Dogu ve Guneydogu Anadolu Bolgesi;1263.249
32;Kiraci;27.075;1;no;Ic Anadolu ve Karadeniz Bolgesi;10106.13425
12;Kiraci;39.05;3;yes;Bati Bolgesi;40932.4295
23;Ev Sahibi;28.405;1;no;Akdeniz ve Ege Ic Kesimler Bolgesi;6664.68595
11;Kiraci;21.755;1;yes;Ic Anadolu ve Karadeniz Bolgesi;16657.71745
0;Kiraci;40.28;0;no;Ic Anadolu ve Karadeniz Bolgesi;2217.6012
23;Kiraci;36.08;1;no;Bati Bolgesi;6781.3542
17;Ev Sahibi;24.42;3;yes;Bati Bolgesi;19361.9988
35;Ev Sahibi;21.4;1;no;Dogu ve Guneydogu Anadolu Bolgesi;10065.413
6;Kiraci;30.1;3;no;Dogu ve Guneydogu Anadolu Bolgesi;4234.927
30;Kiraci;27.265;1;no;Ic Anadolu ve Karadeniz Bolgesi;9447.25035
41;Kiraci;32.1;3;no;Dogu ve Guneydogu Anadolu Bolgesi;14007.222
31;Kiraci;34.77;1;no;Akdeniz ve Ege Ic Kesimler Bolgesi;9583.8933
19;Kiraci;38.39;0;yes;Bati Bolgesi;40419.0191
8;Ev Sahibi;23.7;2;no;Dogu ve Guneydogu Anadolu Bolgesi;3484.331
5;Ev Sahibi;31.73;3;yes;Ic Anadolu ve Karadeniz Bolgesi;36189.1017
11;Ev Sahibi;35.5;2;yes;Dogu ve Guneydogu Anadolu Bolgesi;44585.45587
27;Ev Sahibi;24.035;2;no;Ic Anadolu ve Karadeniz Bolgesi;8604.48365
9;Ev Sahibi;29.15;0;yes;Bati Bolgesi;18246.4955
35;Ev Sahibi;34.105;0;yes;Ic Anadolu ve Karadeniz Bolgesi;43254.41795
13;Kiraci;26.62;0;no;Bati Bolgesi;3757.8448
32;Ev Sahibi;26.41;0;no;Akdeniz ve Ege Ic Kesimler Bolgesi;8827.2099
32;Kiraci;30.115;1;no;Akdeniz ve Ege Ic Kesimler Bolgesi;9910.35985
16;Ev Sahibi;27;2;no;Dogu ve Guneydogu Anadolu Bolgesi;11737.84884
1;Ev Sahibi;21.755;0;no;Akdeniz ve Ege Ic Kesimler Bolgesi;1627.28245
29;Kiraci;36;1;no;Dogu ve Guneydogu Anadolu Bolgesi;8556.907
10;Ev Sahibi;30.875;0;no;Akdeniz ve Ege Ic Kesimler Bolgesi;3062.50825
19;Kiraci;26.4;0;yes;Bati Bolgesi;19539.243
3;Ev Sahibi;28.975;0;no;Akdeniz ve Ege Ic Kesimler Bolgesi;1906.35825
46;Ev Sahibi;37.905;0;no;Akdeniz ve Ege Ic Kesimler Bolgesi;14210.53595
40;Kiraci;22.77;0;no;Bati Bolgesi;11833.7823
6;Ev Sahibi;33.63;4;no;Ic Anadolu ve Karadeniz Bolgesi;17128.42608
13;Ev Sahibi;27.645;2;no;Ic Anadolu ve Karadeniz Bolgesi;5031.26955
21;Kiraci;22.8;3;no;Ic Anadolu ve Karadeniz Bolgesi;7985.815
29;Kiraci;27.83;0;yes;Bati Bolgesi;23065.4207
12;Ev Sahibi;37.43;3;no;Ic Anadolu ve Karadeniz Bolgesi;5428.7277
0;Ev Sahibi;38.17;0;yes;Bati Bolgesi;36307.7983
4;Kiraci;34.58;2;no;Ic Anadolu ve Karadeniz Bolgesi;3925.7582
5;Ev Sahibi;35.2;1;no;Dogu ve Guneydogu Anadolu Bolgesi;2416.955
15;Ev Sahibi;27.1;1;yes;Dogu ve Guneydogu Anadolu Bolgesi;19040.876
9;Ev Sahibi;26.03;0;no;Ic Anadolu ve Karadeniz Bolgesi;3070.8087
27;Kiraci;25.175;2;no;Ic Anadolu ve Karadeniz Bolgesi;9095.06825
39;Kiraci;31.825;0;no;Akdeniz ve Ege Ic Kesimler Bolgesi;11842.62375
29;Ev Sahibi;32.3;1;no;Dogu ve Guneydogu Anadolu Bolgesi;8062.764
24;Kiraci;29;1;no;Dogu ve Guneydogu Anadolu Bolgesi;7050.642
46;Kiraci;39.7;0;no;Dogu ve Guneydogu Anadolu Bolgesi;14319.031
20;Kiraci;19.475;2;no;Akdeniz ve Ege Ic Kesimler Bolgesi;6933.24225
43;Ev Sahibi;36.1;3;no;Dogu ve Guneydogu Anadolu Bolgesi;27941.28758
35;Kiraci;26.7;2;no;Dogu ve Guneydogu Anadolu Bolgesi;11150.78
26;Kiraci;36.48;0;no;Ic Anadolu ve Karadeniz Bolgesi;12797.20962
1;Kiraci;28.88;0;yes;Akdeniz ve Ege Ic Kesimler Bolgesi;17748.5062
23;Ev Sahibi;34.2;2;no;Akdeniz ve Ege Ic Kesimler Bolgesi;7261.741
33;Ev Sahibi;33.33;3;no;Bati Bolgesi;10560.4917
22;Ev Sahibi;32.3;2;no;Akdeniz ve Ege Ic Kesimler Bolgesi;6986.697
27;Ev Sahibi;39.805;0;no;Ic Anadolu ve Karadeniz Bolgesi;7448.40395
17;Ev Sahibi;34.32;3;no;Bati Bolgesi;5934.3798
35;Ev Sahibi;28.88;0;no;Akdeniz ve Ege Ic Kesimler Bolgesi;9869.8102
12;Ev Sahibi;24.4;3;yes;Dogu ve Guneydogu Anadolu Bolgesi;18259.216
0;Ev Sahibi;41.14;0;no;Bati Bolgesi;1146.7966
33;Ev Sahibi;35.97;1;no;Bati Bolgesi;9386.1613
32;Kiraci;27.6;1;yes;Dogu ve Guneydogu Anadolu Bolgesi;24520.264
13;Kiraci;29.26;1;no;Bati Bolgesi;4350.5144
17;Kiraci;27.7;3;no;Dogu ve Guneydogu Anadolu Bolgesi;6414.178
42;Ev Sahibi;36.955;0;no;Ic Anadolu ve Karadeniz Bolgesi;12741.16745
3;Ev Sahibi;36.86;0;no;Akdeniz ve Ege Ic Kesimler Bolgesi;1917.3184
11;Ev Sahibi;22.515;3;no;Ic Anadolu ve Karadeniz Bolgesi;5209.57885
44;Kiraci;29.92;0;no;Bati Bolgesi;13457.9608
21;Kiraci;41.8;0;no;Bati Bolgesi;5662.225
1;Ev Sahibi;27.6;0;no;Dogu ve Guneydogu Anadolu Bolgesi;1252.407
4;Kiraci;23.18;0;no;Ic Anadolu ve Karadeniz Bolgesi;2731.9122
35;Ev Sahibi;20.9;0;yes;Bati Bolgesi;21195.818
21;Kiraci;31.92;2;no;Akdeniz ve Ege Ic Kesimler Bolgesi;7209.4918
9;Ev Sahibi;28.5;0;yes;Akdeniz ve Ege Ic Kesimler Bolgesi;18310.742
12;Ev Sahibi;44.22;2;no;Bati Bolgesi;4266.1658
12;Kiraci;22.895;1;no;Ic Anadolu ve Karadeniz Bolgesi;4719.52405
40;Kiraci;33.1;0;no;Dogu ve Guneydogu Anadolu Bolgesi;11848.141
15;Ev Sahibi;24.795;0;yes;Ic Anadolu ve Karadeniz Bolgesi;17904.52705
24;Kiraci;26.18;1;no;Bati Bolgesi;7046.7222
46;Kiraci;35.97;0;no;Bati Bolgesi;14313.8463
3;Ev Sahibi;22.3;1;no;Dogu ve Guneydogu Anadolu Bolgesi;2103.08
0;Kiraci;42.24;0;yes;Bati Bolgesi;38792.6856
5;Ev Sahibi;26.51;0;no;Bati Bolgesi;1815.8759
27;Kiraci;35.815;0;no;Akdeniz ve Ege Ic Kesimler Bolgesi;7731.85785
22;Kiraci;41.42;1;no;Akdeniz ve Ege Ic Kesimler Bolgesi;28476.73499
1;Kiraci;36.575;0;no;Akdeniz ve Ege Ic Kesimler Bolgesi;2136.88225
0;Ev Sahibi;30.14;0;no;Bati Bolgesi;1131.5066
7;Ev Sahibi;25.84;1;no;Ic Anadolu ve Karadeniz Bolgesi;3309.7926
28;Kiraci;30.8;3;no;Dogu ve Guneydogu Anadolu Bolgesi;9414.92
15;Kiraci;42.94;3;no;Akdeniz ve Ege Ic Kesimler Bolgesi;6360.9936
36;Ev Sahibi;21.01;2;no;Bati Bolgesi;11013.7119
10;Ev Sahibi;22.515;2;no;Ic Anadolu ve Karadeniz Bolgesi;4428.88785
18;Ev Sahibi;34.43;2;no;Bati Bolgesi;5584.3057
2;Kiraci;31.46;0;no;Bati Bolgesi;1877.9294
6;Kiraci;24.225;0;no;Akdeniz ve Ege Ic Kesimler Bolgesi;2842.76075
5;Ev Sahibi;37.1;3;no;Dogu ve Guneydogu Anadolu Bolgesi;3597.596
29;Kiraci;26.125;1;yes;Ic Anadolu ve Karadeniz Bolgesi;23401.30575
15;Kiraci;35.53;0;yes;Akdeniz ve Ege Ic Kesimler Bolgesi;55135.40209
27;Ev Sahibi;33.7;1;no;Dogu ve Guneydogu Anadolu Bolgesi;7445.918
8;Ev Sahibi;17.67;0;no;Akdeniz ve Ege Ic Kesimler Bolgesi;2680.9493
0;Kiraci;31.13;0;no;Bati Bolgesi;1621.8827
26;Kiraci;29.81;2;no;Bati Bolgesi;8219.2039
42;Ev Sahibi;24.32;0;no;Akdeniz ve Ege Ic Kesimler Bolgesi;12523.6048
46;Kiraci;31.825;2;no;Ic Anadolu ve Karadeniz Bolgesi;16069.08475
38;Ev Sahibi;31.79;2;yes;Bati Bolgesi;43813.8661
18;Ev Sahibi;28.025;1;yes;Ic Anadolu ve Karadeniz Bolgesi;20773.62775
23;Ev Sahibi;30.78;3;yes;Ic Anadolu ve Karadeniz Bolgesi;39597.4072
21;Ev Sahibi;21.85;1;no;Akdeniz ve Ege Ic Kesimler Bolgesi;6117.4945
45;Ev Sahibi;33.1;0;no;Dogu ve Guneydogu Anadolu Bolgesi;13393.756
18;Kiraci;25.84;0;no;Akdeniz ve Ege Ic Kesimler Bolgesi;5266.3656
10;Kiraci;23.845;2;no;Akdeniz ve Ege Ic Kesimler Bolgesi;4719.73655
40;Ev Sahibi;34.39;0;no;Akdeniz ve Ege Ic Kesimler Bolgesi;11743.9341
18;Ev Sahibi;33.82;1;no;Akdeniz ve Ege Ic Kesimler Bolgesi;5377.4578
24;Ev Sahibi;35.97;2;no;Bati Bolgesi;7160.3303
18;Ev Sahibi;31.5;0;no;Dogu ve Guneydogu Anadolu Bolgesi;4402.233
38;Kiraci;28.31;0;no;Ic Anadolu ve Karadeniz Bolgesi;11657.7189
17;Kiraci;23.465;2;no;Ic Anadolu ve Karadeniz Bolgesi;6402.29135
41;Kiraci;31.35;0;no;Akdeniz ve Ege Ic Kesimler Bolgesi;12622.1795
3;Ev Sahibi;31.1;0;no;Dogu ve Guneydogu Anadolu Bolgesi;1526.312
41;Ev Sahibi;24.7;0;no;Ic Anadolu ve Karadeniz Bolgesi;12323.936
5;Kiraci;32.78;2;yes;Bati Bolgesi;36021.0112
39;Kiraci;29.81;0;yes;Bati Bolgesi;27533.9129
35;Ev Sahibi;30.495;0;no;Ic Anadolu ve Karadeniz Bolgesi;10072.05505
42;Kiraci;32.45;0;yes;Bati Bolgesi;45008.9555
33;Kiraci;34.2;1;no;Dogu ve Guneydogu Anadolu Bolgesi;9872.701
5;Ev Sahibi;50.38;1;no;Bati Bolgesi;2438.0552
9;Kiraci;24.1;0;no;Dogu ve Guneydogu Anadolu Bolgesi;2974.126
37;Ev Sahibi;32.775;0;no;Akdeniz ve Ege Ic Kesimler Bolgesi;10601.63225
19;Kiraci;30.78;0;yes;Ic Anadolu ve Karadeniz Bolgesi;37270.1512
43;Ev Sahibi;32.3;2;no;Akdeniz ve Ege Ic Kesimler Bolgesi;14119.62
28;Kiraci;35.53;0;yes;Ic Anadolu ve Karadeniz Bolgesi;42111.6647
35;Kiraci;23.75;2;no;Ic Anadolu ve Karadeniz Bolgesi;11729.6795
31;Kiraci;23.845;3;yes;Ic Anadolu ve Karadeniz Bolgesi;24106.91255
2;Kiraci;29.6;0;no;Dogu ve Guneydogu Anadolu Bolgesi;1875.344
30;Kiraci;33.11;0;yes;Bati Bolgesi;40974.1649
7;Ev Sahibi;24.13;0;yes;Akdeniz ve Ege Ic Kesimler Bolgesi;15817.9857
7;Kiraci;32.23;1;no;Bati Bolgesi;18218.16139
39;Ev Sahibi;28.1;0;no;Dogu ve Guneydogu Anadolu Bolgesi;10965.446
19;Kiraci;47.6;2;yes;Dogu ve Guneydogu Anadolu Bolgesi;46113.511
20;Kiraci;28;3;no;Dogu ve Guneydogu Anadolu Bolgesi;7151.092
37;Kiraci;33.535;2;no;Akdeniz ve Ege Ic Kesimler Bolgesi;12269.68865
18;Kiraci;19.855;0;no;Ic Anadolu ve Karadeniz Bolgesi;5458.04645
33;Ev Sahibi;25.4;0;no;Dogu ve Guneydogu Anadolu Bolgesi;8782.469
22;Ev Sahibi;29.9;2;no;Dogu ve Guneydogu Anadolu Bolgesi;6600.361
0;Ev Sahibi;37.29;0;no;Bati Bolgesi;1141.4451
39;Ev Sahibi;43.7;1;no;Dogu ve Guneydogu Anadolu Bolgesi;11576.13
43;Ev Sahibi;23.655;0;no;Ic Anadolu ve Karadeniz Bolgesi;13129.60345
7;Kiraci;24.3;3;no;Dogu ve Guneydogu Anadolu Bolgesi;4391.652
32;Ev Sahibi;36.2;0;no;Dogu ve Guneydogu Anadolu Bolgesi;8457.818
8;Kiraci;29.48;1;no;Bati Bolgesi;3392.3652
24;Ev Sahibi;24.86;0;no;Bati Bolgesi;5966.8874
25;Ev Sahibi;30.1;1;no;Dogu ve Guneydogu Anadolu Bolgesi;6849.026
26;Ev Sahibi;21.85;3;no;Ic Anadolu ve Karadeniz Bolgesi;8891.1395
5;Kiraci;28.12;0;no;Akdeniz ve Ege Ic Kesimler Bolgesi;2690.1138
31;Kiraci;27.1;1;no;Dogu ve Guneydogu Anadolu Bolgesi;26140.3603
15;Ev Sahibi;33.44;5;no;Bati Bolgesi;6653.7886
23;Ev Sahibi;28.8;1;no;Dogu ve Guneydogu Anadolu Bolgesi;6282.235
19;Kiraci;29.5;2;no;Dogu ve Guneydogu Anadolu Bolgesi;6311.952
4;Ev Sahibi;34.8;3;no;Dogu ve Guneydogu Anadolu Bolgesi;3443.064
5;Ev Sahibi;27.36;1;no;Akdeniz ve Ege Ic Kesimler Bolgesi;2789.0574
3;Kiraci;22.135;0;no;Ic Anadolu ve Karadeniz Bolgesi;2585.85065
33;Kiraci;37.05;3;yes;Ic Anadolu ve Karadeniz Bolgesi;46255.1125
7;Ev Sahibi;26.695;4;no;Akdeniz ve Ege Ic Kesimler Bolgesi;4877.98105
14;Ev Sahibi;28.93;1;yes;Bati Bolgesi;19719.6947
39;Ev Sahibi;28.975;0;yes;Ic Anadolu ve Karadeniz Bolgesi;27218.43725
18;Kiraci;30.02;0;no;Akdeniz ve Ege Ic Kesimler Bolgesi;5272.1758
4;Ev Sahibi;39.5;0;no;Dogu ve Guneydogu Anadolu Bolgesi;1682.597
39;Ev Sahibi;33.63;1;no;Akdeniz ve Ege Ic Kesimler Bolgesi;11945.1327
46;Kiraci;26.885;0;yes;Akdeniz ve Ege Ic Kesimler Bolgesi;29330.98315
18;Kiraci;29.04;4;no;Bati Bolgesi;7243.8136
36;Ev Sahibi;24.035;0;no;Ic Anadolu ve Karadeniz Bolgesi;10422.91665
29;Ev Sahibi;38.94;2;yes;Bati Bolgesi;44202.6536
44;Ev Sahibi;32.11;0;no;Ic Anadolu ve Karadeniz Bolgesi;13555.0049
43;Kiraci;44;0;no;Dogu ve Guneydogu Anadolu Bolgesi;13063.883
25;Kiraci;20.045;2;yes;Ic Anadolu ve Karadeniz Bolgesi;19798.05455
1;Ev Sahibi;25.555;1;no;Akdeniz ve Ege Ic Kesimler Bolgesi;2221.56445
0;Kiraci;40.26;0;no;Bati Bolgesi;1634.5734
1;Kiraci;22.515;0;no;Akdeniz ve Ege Ic Kesimler Bolgesi;2117.33885
31;Ev Sahibi;22.515;0;no;Ic Anadolu ve Karadeniz Bolgesi;8688.85885
42;Ev Sahibi;40.92;0;yes;Bati Bolgesi;48673.5588
8;Ev Sahibi;27.265;3;no;Ic Anadolu ve Karadeniz Bolgesi;4661.28635
31;Ev Sahibi;36.85;0;no;Bati Bolgesi;8125.7845
42;Kiraci;35.1;0;no;Dogu ve Guneydogu Anadolu Bolgesi;12644.589
8;Kiraci;29.355;2;no;Ic Anadolu ve Karadeniz Bolgesi;4564.19145
9;Ev Sahibi;32.585;3;no;Ic Anadolu ve Karadeniz Bolgesi;4846.92015
26;Kiraci;32.34;1;no;Bati Bolgesi;7633.7206
45;Ev Sahibi;39.8;3;no;Dogu ve Guneydogu Anadolu Bolgesi;15170.069
14;Kiraci;24.6;0;yes;Dogu ve Guneydogu Anadolu Bolgesi;17496.306
4;Ev Sahibi;28.31;1;no;Akdeniz ve Ege Ic Kesimler Bolgesi;2639.0429
0;Ev Sahibi;31.73;0;yes;Ic Anadolu ve Karadeniz Bolgesi;33732.6867
41;Kiraci;26.695;3;no;Akdeniz ve Ege Ic Kesimler Bolgesi;14382.70905
26;Kiraci;27.5;1;no;Dogu ve Guneydogu Anadolu Bolgesi;7626.993
15;Ev Sahibi;24.605;2;no;Akdeniz ve Ege Ic Kesimler Bolgesi;5257.50795
6;Kiraci;33.99;0;no;Bati Bolgesi;2473.3341
25;Kiraci;26.885;0;yes;Akdeniz ve Ege Ic Kesimler Bolgesi;21774.32215
27;Ev Sahibi;22.895;0;yes;Ic Anadolu ve Karadeniz Bolgesi;35069.37452
43;Kiraci;28.2;0;no;Dogu ve Guneydogu Anadolu Bolgesi;13041.921
17;Kiraci;34.21;1;no;Bati Bolgesi;5245.2269
44;Kiraci;25;0;no;Dogu ve Guneydogu Anadolu Bolgesi;13451.122
44;Kiraci;33.2;0;no;Dogu ve Guneydogu Anadolu Bolgesi;13462.52
20;Ev Sahibi;31;1;no;Dogu ve Guneydogu Anadolu Bolgesi;5488.262
16;Ev Sahibi;35.815;0;no;Akdeniz ve Ege Ic Kesimler Bolgesi;4320.41085
25;Ev Sahibi;23.2;0;no;Dogu ve Guneydogu Anadolu Bolgesi;6250.435
32;Ev Sahibi;32.11;2;no;Ic Anadolu ve Karadeniz Bolgesi;25333.33284
1;Kiraci;23.4;2;no;Dogu ve Guneydogu Anadolu Bolgesi;2913.569
39;Kiraci;20.1;1;no;Dogu ve Guneydogu Anadolu Bolgesi;12032.326
44;Kiraci;39.16;0;no;Bati Bolgesi;13470.8044
23;Ev Sahibi;34.21;1;no;Bati Bolgesi;6289.7549
8;Ev Sahibi;46.53;1;no;Bati Bolgesi;2927.0647
21;Kiraci;32.5;1;no;Dogu ve Guneydogu Anadolu Bolgesi;6238.298
28;Ev Sahibi;25.8;5;no;Dogu ve Guneydogu Anadolu Bolgesi;10096.97
27;Kiraci;35.3;0;no;Dogu ve Guneydogu Anadolu Bolgesi;7348.142
14;Ev Sahibi;37.18;2;no;Bati Bolgesi;4673.3922
41;Kiraci;27.5;0;no;Dogu ve Guneydogu Anadolu Bolgesi;12233.828
26;Ev Sahibi;29.735;2;no;Ic Anadolu ve Karadeniz Bolgesi;32108.66282
21;Kiraci;24.225;5;no;Akdeniz ve Ege Ic Kesimler Bolgesi;8965.79575
0;Ev Sahibi;26.18;2;no;Bati Bolgesi;2304.0022
35;Ev Sahibi;29.48;0;no;Bati Bolgesi;9487.6442
0;Ev Sahibi;23.21;0;no;Bati Bolgesi;1121.8739
32;Kiraci;46.09;1;no;Bati Bolgesi;9549.5651
0;Kiraci;40.185;0;no;Ic Anadolu ve Karadeniz Bolgesi;2217.46915
1;Ev Sahibi;22.61;0;no;Akdeniz ve Ege Ic Kesimler Bolgesi;1628.4709
44;Ev Sahibi;39.93;0;no;Bati Bolgesi;12982.8747
38;Kiraci;35.8;1;no;Dogu ve Guneydogu Anadolu Bolgesi;11674.13
24;Ev Sahibi;35.8;2;no;Dogu ve Guneydogu Anadolu Bolgesi;7160.094
19;Ev Sahibi;34.2;1;yes;Ic Anadolu ve Karadeniz Bolgesi;39047.285
24;Ev Sahibi;31.255;0;no;Akdeniz ve Ege Ic Kesimler Bolgesi;6358.77645
7;Ev Sahibi;29.7;3;yes;Dogu ve Guneydogu Anadolu Bolgesi;19933.458
39;Ev Sahibi;18.335;0;no;Ic Anadolu ve Karadeniz Bolgesi;11534.87265
33;Ev Sahibi;42.9;2;yes;Bati Bolgesi;47462.894
12;Kiraci;28.405;1;no;Akdeniz ve Ege Ic Kesimler Bolgesi;4527.18295
26;Ev Sahibi;30.2;2;yes;Dogu ve Guneydogu Anadolu Bolgesi;38998.546
16;Ev Sahibi;27.835;1;yes;Akdeniz ve Ege Ic Kesimler Bolgesi;20009.63365
13;Ev Sahibi;39.49;1;no;Bati Bolgesi;3875.7341
36;Ev Sahibi;30.8;1;yes;Bati Bolgesi;41999.52
6;Ev Sahibi;26.79;1;no;Akdeniz ve Ege Ic Kesimler Bolgesi;12609.88702
25;Ev Sahibi;34.96;1;yes;Ic Anadolu ve Karadeniz Bolgesi;41034.2214
30;Ev Sahibi;36.67;1;no;Akdeniz ve Ege Ic Kesimler Bolgesi;28468.91901
1;Kiraci;39.615;1;no;Akdeniz ve Ege Ic Kesimler Bolgesi;2730.10785
11;Kiraci;25.9;0;no;Dogu ve Guneydogu Anadolu Bolgesi;3353.284
45;Kiraci;35.2;1;no;Bati Bolgesi;14474.675
28;Ev Sahibi;24.795;3;no;Ic Anadolu ve Karadeniz Bolgesi;9500.57305
34;Ev Sahibi;36.765;2;no;Akdeniz ve Ege Ic Kesimler Bolgesi;26467.09737
17;Ev Sahibi;27.1;1;no;Dogu ve Guneydogu Anadolu Bolgesi;4746.344
33;Ev Sahibi;24.795;2;yes;Akdeniz ve Ege Ic Kesimler Bolgesi;23967.38305
26;Ev Sahibi;25.365;1;no;Akdeniz ve Ege Ic Kesimler Bolgesi;7518.02535
3;Ev Sahibi;25.745;2;no;Ic Anadolu ve Karadeniz Bolgesi;3279.86855
21;Kiraci;34.32;5;no;Bati Bolgesi;8596.8278
32;Kiraci;28.16;3;no;Bati Bolgesi;10702.6424
16;Kiraci;23.56;0;no;Ic Anadolu ve Karadeniz Bolgesi;4992.3764
4;Kiraci;20.235;0;no;Akdeniz ve Ege Ic Kesimler Bolgesi;2527.81865
1;Kiraci;40.5;0;no;Dogu ve Guneydogu Anadolu Bolgesi;1759.338
8;Ev Sahibi;35.42;0;no;Bati Bolgesi;2322.6218
11;Ev Sahibi;22.895;0;yes;Ic Anadolu ve Karadeniz Bolgesi;16138.76205
30;Ev Sahibi;40.15;0;no;Bati Bolgesi;7804.1605
8;Ev Sahibi;29.15;1;no;Bati Bolgesi;2902.9065
27;Kiraci;39.995;3;no;Ic Anadolu ve Karadeniz Bolgesi;9704.66805
18;Kiraci;29.92;0;no;Bati Bolgesi;4889.0368
36;Ev Sahibi;25.46;1;no;Ic Anadolu ve Karadeniz Bolgesi;25517.11363
16;Ev Sahibi;21.375;0;no;Ic Anadolu ve Karadeniz Bolgesi;4500.33925
13;Ev Sahibi;25.9;3;yes;Dogu ve Guneydogu Anadolu Bolgesi;19199.944
9;Kiraci;30.59;1;no;Ic Anadolu ve Karadeniz Bolgesi;16796.41194
2;Ev Sahibi;30.115;5;no;Ic Anadolu ve Karadeniz Bolgesi;4915.05985
26;Kiraci;25.8;1;no;Dogu ve Guneydogu Anadolu Bolgesi;7624.63
25;Ev Sahibi;30.115;3;no;Akdeniz ve Ege Ic Kesimler Bolgesi;8410.04685
27;Kiraci;27.645;1;no;Akdeniz ve Ege Ic Kesimler Bolgesi;28340.18885
16;Ev Sahibi;34.675;0;no;Ic Anadolu ve Karadeniz Bolgesi;4518.82625
6;Kiraci;20.52;0;yes;Ic Anadolu ve Karadeniz Bolgesi;14571.8908
8;Kiraci;19.8;1;no;Dogu ve Guneydogu Anadolu Bolgesi;3378.91
20;Kiraci;27.835;2;no;Ic Anadolu ve Karadeniz Bolgesi;7144.86265
32;Kiraci;31.6;2;no;Dogu ve Guneydogu Anadolu Bolgesi;10118.424
20;Ev Sahibi;28.27;1;no;Bati Bolgesi;5484.4673
9;Kiraci;20.045;3;yes;Akdeniz ve Ege Ic Kesimler Bolgesi;16420.49455
21;Kiraci;23.275;3;no;Ic Anadolu ve Karadeniz Bolgesi;7986.47525
21;Kiraci;34.1;3;no;Dogu ve Guneydogu Anadolu Bolgesi;7418.522
45;Kiraci;36.85;0;no;Bati Bolgesi;13887.9685
15;Kiraci;36.29;3;no;Ic Anadolu ve Karadeniz Bolgesi;6551.7501
18;Kiraci;26.885;0;no;Akdeniz ve Ege Ic Kesimler Bolgesi;5267.81815
12;Ev Sahibi;22.99;2;yes;Akdeniz ve Ege Ic Kesimler Bolgesi;17361.7661
6;Ev Sahibi;32.7;0;yes;Dogu ve Guneydogu Anadolu Bolgesi;34472.841
6;Ev Sahibi;25.8;0;no;Dogu ve Guneydogu Anadolu Bolgesi;1972.95
30;Ev Sahibi;29.6;0;no;Dogu ve Guneydogu Anadolu Bolgesi;21232.18226
29;Ev Sahibi;19.19;1;no;Ic Anadolu ve Karadeniz Bolgesi;8627.5411
11;Ev Sahibi;31.73;2;no;Akdeniz ve Ege Ic Kesimler Bolgesi;4433.3877
10;Ev Sahibi;29.26;2;no;Ic Anadolu ve Karadeniz Bolgesi;4438.2634
29;Ev Sahibi;28.215;3;yes;Akdeniz ve Ege Ic Kesimler Bolgesi;24915.22085
7;Ev Sahibi;24.985;2;no;Ic Anadolu ve Karadeniz Bolgesi;23241.47453
33;Ev Sahibi;27.74;1;no;Ic Anadolu ve Karadeniz Bolgesi;9957.7216
30;Kiraci;22.8;0;no;Dogu ve Guneydogu Anadolu Bolgesi;8269.044
25;Ev Sahibi;20.13;2;yes;Bati Bolgesi;18767.7377
43;Kiraci;33.33;4;no;Bati Bolgesi;36580.28216
30;Ev Sahibi;32.3;1;no;Akdeniz ve Ege Ic Kesimler Bolgesi;8765.249
20;Kiraci;27.6;0;no;Dogu ve Guneydogu Anadolu Bolgesi;5383.536
41;Ev Sahibi;25.46;0;no;Akdeniz ve Ege Ic Kesimler Bolgesi;12124.9924
1;Kiraci;24.605;1;no;Akdeniz ve Ege Ic Kesimler Bolgesi;2709.24395
8;Kiraci;34.2;2;no;Dogu ve Guneydogu Anadolu Bolgesi;3987.926
36;Kiraci;35.815;3;no;Akdeniz ve Ege Ic Kesimler Bolgesi;12495.29085
3;Kiraci;32.68;2;no;Akdeniz ve Ege Ic Kesimler Bolgesi;26018.95052
33;Ev Sahibi;37;0;no;Dogu ve Guneydogu Anadolu Bolgesi;8798.593
4;Kiraci;31.02;3;yes;Bati Bolgesi;35595.5898
29;Ev Sahibi;36.08;1;yes;Bati Bolgesi;42211.1382
0;Ev Sahibi;23.32;1;no;Bati Bolgesi;1711.0268
29;Kiraci;45.32;1;no;Bati Bolgesi;8569.8618
3;Kiraci;34.6;0;no;Dogu ve Guneydogu Anadolu Bolgesi;2020.177
1;Ev Sahibi;26.03;1;yes;Akdeniz ve Ege Ic Kesimler Bolgesi;16450.8947
5;Ev Sahibi;18.715;0;no;Akdeniz ve Ege Ic Kesimler Bolgesi;21595.38229
36;Ev Sahibi;31.6;0;no;Dogu ve Guneydogu Anadolu Bolgesi;9850.432
19;Kiraci;17.29;2;no;Ic Anadolu ve Karadeniz Bolgesi;6877.9801
28;Kiraci;23.655;1;yes;Akdeniz ve Ege Ic Kesimler Bolgesi;21677.28345
37;Kiraci;35.2;0;yes;Bati Bolgesi;44423.803
12;Kiraci;27.93;0;no;Ic Anadolu ve Karadeniz Bolgesi;4137.5227
0;Ev Sahibi;21.565;0;yes;Ic Anadolu ve Karadeniz Bolgesi;13747.87235
43;Ev Sahibi;38.38;0;no;Akdeniz ve Ege Ic Kesimler Bolgesi;12950.0712
36;Kiraci;23;3;no;Dogu ve Guneydogu Anadolu Bolgesi;12094.478
4;Ev Sahibi;37.07;2;yes;Bati Bolgesi;37484.4493
27;Kiraci;30.495;1;yes;Akdeniz ve Ege Ic Kesimler Bolgesi;39725.51805
4;Ev Sahibi;28.88;0;no;Ic Anadolu ve Karadeniz Bolgesi;2250.8352
1;Ev Sahibi;27.265;2;no;Akdeniz ve Ege Ic Kesimler Bolgesi;22493.65964
17;Kiraci;28.025;0;yes;Akdeniz ve Ege Ic Kesimler Bolgesi;20234.85475
0;Ev Sahibi;23.085;0;no;Ic Anadolu ve Karadeniz Bolgesi;1704.70015
2;Ev Sahibi;30.685;0;yes;Ic Anadolu ve Karadeniz Bolgesi;33475.81715
10;Kiraci;25.8;0;no;Dogu ve Guneydogu Anadolu Bolgesi;3161.454
37;Ev Sahibi;35.245;1;no;Ic Anadolu ve Karadeniz Bolgesi;11394.06555
25;Kiraci;24.7;2;yes;Akdeniz ve Ege Ic Kesimler Bolgesi;21880.82
25;Kiraci;25.08;0;no;Ic Anadolu ve Karadeniz Bolgesi;7325.0482
4;Ev Sahibi;52.58;1;yes;Bati Bolgesi;44501.3982
7;Kiraci;22.515;1;no;Akdeniz ve Ege Ic Kesimler Bolgesi;3594.17085
31;Ev Sahibi;30.9;0;yes;Dogu ve Guneydogu Anadolu Bolgesi;39727.614
26;Kiraci;36.955;1;no;Akdeniz ve Ege Ic Kesimler Bolgesi;8023.13545
46;Ev Sahibi;26.41;0;no;Ic Anadolu ve Karadeniz Bolgesi;14394.5579
31;Ev Sahibi;29.83;1;no;Ic Anadolu ve Karadeniz Bolgesi;9288.0267
29;Ev Sahibi;29.8;3;yes;Dogu ve Guneydogu Anadolu Bolgesi;25309.489
9;Kiraci;21.47;0;no;Akdeniz ve Ege Ic Kesimler Bolgesi;3353.4703
37;Ev Sahibi;27.645;0;no;Akdeniz ve Ege Ic Kesimler Bolgesi;10594.50155
30;Kiraci;28.9;0;no;Dogu ve Guneydogu Anadolu Bolgesi;8277.523
27;Kiraci;31.79;0;no;Bati Bolgesi;17929.30337
6;Kiraci;39.49;0;no;Bati Bolgesi;2480.9791
14;Ev Sahibi;33.82;1;no;Akdeniz ve Ege Ic Kesimler Bolgesi;4462.7218
6;Ev Sahibi;32.01;0;no;Bati Bolgesi;1981.5819
39;Ev Sahibi;27.94;1;no;Bati Bolgesi;11554.2236
41;Ev Sahibi;41.14;1;yes;Bati Bolgesi;48970.2476
18;Ev Sahibi;28.595;3;no;Akdeniz ve Ege Ic Kesimler Bolgesi;6548.19505
11;Kiraci;25.6;4;no;Dogu ve Guneydogu Anadolu Bolgesi;5708.867
24;Kiraci;25.3;1;no;Dogu ve Guneydogu Anadolu Bolgesi;7045.499
30;Ev Sahibi;37.29;2;no;Bati Bolgesi;8978.1851
21;Ev Sahibi;42.655;0;no;Ic Anadolu ve Karadeniz Bolgesi;5757.41345
45;Ev Sahibi;21.66;1;no;Akdeniz ve Ege Ic Kesimler Bolgesi;14349.8544
36;Kiraci;31.9;1;no;Bati Bolgesi;10928.849
19;Ev Sahibi;37.07;1;yes;Bati Bolgesi;39871.7043
45;Ev Sahibi;31.445;0;no;Ic Anadolu ve Karadeniz Bolgesi;13974.45555
3;Ev Sahibi;31.255;0;no;Akdeniz ve Ege Ic Kesimler Bolgesi;1909.52745
36;Kiraci;28.88;2;no;Ic Anadolu ve Karadeniz Bolgesi;12096.6512
42;Kiraci;18.335;0;no;Ic Anadolu ve Karadeniz Bolgesi;13204.28565
14;Kiraci;29.59;1;no;Bati Bolgesi;4562.8421
29;Kiraci;32;1;no;Dogu ve Guneydogu Anadolu Bolgesi;8551.347
3;Ev Sahibi;26.03;0;no;Ic Anadolu ve Karadeniz Bolgesi;2102.2647
10;Ev Sahibi;31.68;0;yes;Bati Bolgesi;34672.1472
45;Ev Sahibi;33.66;3;no;Bati Bolgesi;15161.5344
0;Ev Sahibi;21.78;2;no;Bati Bolgesi;11884.04858
14;Ev Sahibi;27.835;1;no;Akdeniz ve Ege Ic Kesimler Bolgesi;4454.40265
20;Ev Sahibi;19.95;1;no;Akdeniz ve Ege Ic Kesimler Bolgesi;5855.9025
14;Ev Sahibi;31.5;1;no;Dogu ve Guneydogu Anadolu Bolgesi;4076.497
44;Kiraci;30.495;2;no;Akdeniz ve Ege Ic Kesimler Bolgesi;15019.76005
21;Kiraci;18.3;5;yes;Dogu ve Guneydogu Anadolu Bolgesi;19023.26
37;Ev Sahibi;28.975;0;no;Ic Anadolu ve Karadeniz Bolgesi;10796.35025
39;Ev Sahibi;31.54;0;no;Akdeniz ve Ege Ic Kesimler Bolgesi;11353.2276
34;Ev Sahibi;47.74;1;no;Bati Bolgesi;9748.9106
38;Ev Sahibi;22.1;0;no;Dogu ve Guneydogu Anadolu Bolgesi;10577.087
29;Ev Sahibi;36.19;0;yes;Bati Bolgesi;41676.0811
37;Kiraci;29.83;0;no;Ic Anadolu ve Karadeniz Bolgesi;11286.5387
5;Ev Sahibi;32.7;3;no;Dogu ve Guneydogu Anadolu Bolgesi;3591.48
4;Kiraci;30.4;0;yes;Akdeniz ve Ege Ic Kesimler Bolgesi;33907.548
32;Kiraci;33.7;4;no;Dogu ve Guneydogu Anadolu Bolgesi;11299.343
0;Kiraci;31.35;4;no;Ic Anadolu ve Karadeniz Bolgesi;4561.1885
33;Kiraci;34.96;2;yes;Ic Anadolu ve Karadeniz Bolgesi;44641.1974
4;Ev Sahibi;33.77;0;no;Bati Bolgesi;1674.6323
34;Kiraci;30.875;0;no;Ic Anadolu ve Karadeniz Bolgesi;23045.56616
7;Kiraci;33.99;1;no;Bati Bolgesi;3227.1211
15;Kiraci;19.095;2;yes;Ic Anadolu ve Karadeniz Bolgesi;16776.30405
35;Ev Sahibi;28.6;3;no;Dogu ve Guneydogu Anadolu Bolgesi;11253.421
11;Ev Sahibi;38.94;1;no;Bati Bolgesi;3471.4096
40;Ev Sahibi;36.08;0;no;Bati Bolgesi;11363.2832
19;Ev Sahibi;29.8;0;no;Dogu ve Guneydogu Anadolu Bolgesi;20420.60465
36;Kiraci;31.24;0;no;Bati Bolgesi;10338.9316
31;Kiraci;29.925;0;no;Akdeniz ve Ege Ic Kesimler Bolgesi;8988.15875
32;Kiraci;26.22;2;no;Akdeniz ve Ege Ic Kesimler Bolgesi;10493.9458
8;Ev Sahibi;30;1;no;Dogu ve Guneydogu Anadolu Bolgesi;2904.088
27;Ev Sahibi;20.35;3;no;Bati Bolgesi;8605.3615
36;Kiraci;32.3;1;no;Ic Anadolu ve Karadeniz Bolgesi;11512.405
20;Ev Sahibi;38.39;3;yes;Bati Bolgesi;41949.2441
30;Kiraci;25.85;3;yes;Bati Bolgesi;24180.9335
10;Kiraci;26.315;3;no;Akdeniz ve Ege Ic Kesimler Bolgesi;5312.16985
5;Ev Sahibi;24.51;0;no;Ic Anadolu ve Karadeniz Bolgesi;2396.0959
37;Ev Sahibi;32.67;1;no;Bati Bolgesi;10807.4863
23;Ev Sahibi;29.64;5;no;Ic Anadolu ve Karadeniz Bolgesi;9222.4026
7;Ev Sahibi;33.33;2;yes;Bati Bolgesi;36124.5737
15;Ev Sahibi;35.75;1;yes;Bati Bolgesi;38282.7495
12;Kiraci;19.95;3;no;Akdeniz ve Ege Ic Kesimler Bolgesi;5693.4305
5;Kiraci;31.4;0;yes;Dogu ve Guneydogu Anadolu Bolgesi;34166.273
28;Ev Sahibi;38.17;2;no;Bati Bolgesi;8347.1643
35;Kiraci;36.86;3;yes;Akdeniz ve Ege Ic Kesimler Bolgesi;46661.4424
9;Kiraci;32.395;1;no;Ic Anadolu ve Karadeniz Bolgesi;18903.49141
5;Kiraci;42.75;1;yes;Ic Anadolu ve Karadeniz Bolgesi;40904.1995
45;Kiraci;25.08;0;no;Akdeniz ve Ege Ic Kesimler Bolgesi;14254.6082
37;Ev Sahibi;29.9;0;no;Dogu ve Guneydogu Anadolu Bolgesi;10214.636
17;Kiraci;35.86;2;no;Bati Bolgesi;5836.5204
16;Ev Sahibi;32.8;1;no;Dogu ve Guneydogu Anadolu Bolgesi;14358.36437
1;Kiraci;18.6;0;no;Dogu ve Guneydogu Anadolu Bolgesi;1728.897
21;Kiraci;23.87;5;no;Bati Bolgesi;8582.3023
9;Ev Sahibi;45.9;2;no;Dogu ve Guneydogu Anadolu Bolgesi;3693.428
39;Ev Sahibi;40.28;0;no;Ic Anadolu ve Karadeniz Bolgesi;20709.02034
34;Kiraci;18.335;0;no;Akdeniz ve Ege Ic Kesimler Bolgesi;9991.03765
10;Ev Sahibi;33.82;0;no;Akdeniz ve Ege Ic Kesimler Bolgesi;19673.33573
32;Kiraci;28.12;3;no;Akdeniz ve Ege Ic Kesimler Bolgesi;11085.5868
26;Kiraci;25;1;no;Dogu ve Guneydogu Anadolu Bolgesi;7623.518
8;Kiraci;22.23;0;no;Akdeniz ve Ege Ic Kesimler Bolgesi;3176.2877
15;Ev Sahibi;30.25;0;no;Bati Bolgesi;3704.3545
1;Kiraci;32.49;0;yes;Akdeniz ve Ege Ic Kesimler Bolgesi;36898.73308
32;Ev Sahibi;37.07;1;no;Bati Bolgesi;9048.0273
23;Kiraci;32.6;3;no;Dogu ve Guneydogu Anadolu Bolgesi;7954.517
34;Kiraci;24.86;0;no;Bati Bolgesi;27117.99378
21;Ev Sahibi;32.34;2;no;Bati Bolgesi;6338.0756
32;Ev Sahibi;32.3;2;no;Dogu ve Guneydogu Anadolu Bolgesi;9630.397
34;Ev Sahibi;32.775;3;no;Akdeniz ve Ege Ic Kesimler Bolgesi;11289.10925
42;Ev Sahibi;32.8;0;yes;Dogu ve Guneydogu Anadolu Bolgesi;52590.82939
2;Kiraci;31.92;0;no;Akdeniz ve Ege Ic Kesimler Bolgesi;2261.5688
37;Ev Sahibi;21.5;1;no;Dogu ve Guneydogu Anadolu Bolgesi;10791.96
24;Ev Sahibi;34.1;0;no;Dogu ve Guneydogu Anadolu Bolgesi;5979.731
0;Kiraci;30.305;0;no;Ic Anadolu ve Karadeniz Bolgesi;2203.73595
40;Kiraci;36.48;0;no;Akdeniz ve Ege Ic Kesimler Bolgesi;12235.8392
25;Kiraci;32.56;3;yes;Bati Bolgesi;40941.2854
17;Kiraci;35.815;1;no;Akdeniz ve Ege Ic Kesimler Bolgesi;5630.45785
30;Kiraci;27.93;4;no;Akdeniz ve Ege Ic Kesimler Bolgesi;11015.1747
18;Kiraci;22.135;3;no;Ic Anadolu ve Karadeniz Bolgesi;7228.21565
1;Ev Sahibi;44.88;0;yes;Bati Bolgesi;39722.7462
5;Kiraci;23.18;2;no;Akdeniz ve Ege Ic Kesimler Bolgesi;14426.07385
2;Kiraci;30.59;0;no;Ic Anadolu ve Karadeniz Bolgesi;2459.7201
14;Kiraci;41.1;0;no;Dogu ve Guneydogu Anadolu Bolgesi;3989.841
25;Kiraci;34.58;1;no;Akdeniz ve Ege Ic Kesimler Bolgesi;7727.2532
16;Ev Sahibi;42.13;2;no;Bati Bolgesi;5124.1887
12;Ev Sahibi;38.83;1;no;Bati Bolgesi;18963.17192
0;Kiraci;28.215;0;no;Ic Anadolu ve Karadeniz Bolgesi;2200.83085
23;Kiraci;28.31;1;no;Akdeniz ve Ege Ic Kesimler Bolgesi;7153.5539
17;Kiraci;26.125;0;no;Ic Anadolu ve Karadeniz Bolgesi;5227.98875
39;Ev Sahibi;40.37;0;no;Bati Bolgesi;10982.5013
11;Kiraci;24.6;2;no;Dogu ve Guneydogu Anadolu Bolgesi;4529.477
14;Ev Sahibi;35.2;2;no;Dogu ve Guneydogu Anadolu Bolgesi;4670.64
19;Kiraci;34.105;1;no;Akdeniz ve Ege Ic Kesimler Bolgesi;6112.35295
0;Ev Sahibi;27.36;1;yes;Ic Anadolu ve Karadeniz Bolgesi;17178.6824
25;Kiraci;26.7;2;yes;Dogu ve Guneydogu Anadolu Bolgesi;22478.6
38;Kiraci;41.91;0;no;Bati Bolgesi;11093.6229
20;Ev Sahibi;29.26;2;no;Akdeniz ve Ege Ic Kesimler Bolgesi;6457.8434
11;Ev Sahibi;32.11;2;no;Akdeniz ve Ege Ic Kesimler Bolgesi;4433.9159
4;Kiraci;27.1;0;no;Dogu ve Guneydogu Anadolu Bolgesi;2154.361
34;Kiraci;24.13;1;yes;Akdeniz ve Ege Ic Kesimler Bolgesi;23887.6627
22;Kiraci;27.4;1;no;Dogu ve Guneydogu Anadolu Bolgesi;6496.886
5;Kiraci;34.865;0;no;Ic Anadolu ve Karadeniz Bolgesi;2899.48935
13;Ev Sahibi;29.81;0;yes;Bati Bolgesi;19350.3689
24;Kiraci;41.325;1;no;Ic Anadolu ve Karadeniz Bolgesi;7650.77375
6;Kiraci;29.925;0;no;Akdeniz ve Ege Ic Kesimler Bolgesi;2850.68375
7;Kiraci;30.3;0;no;Dogu ve Guneydogu Anadolu Bolgesi;2632.992
30;Kiraci;27.36;1;no;Ic Anadolu ve Karadeniz Bolgesi;9447.3824
5;Kiraci;28.49;1;yes;Bati Bolgesi;18328.2381
27;Ev Sahibi;23.56;2;no;Ic Anadolu ve Karadeniz Bolgesi;8603.8234
2;Ev Sahibi;35.625;3;yes;Akdeniz ve Ege Ic Kesimler Bolgesi;37465.34375
44;Kiraci;32.68;0;no;Akdeniz ve Ege Ic Kesimler Bolgesi;13844.7972
25;Kiraci;25.27;1;yes;Ic Anadolu ve Karadeniz Bolgesi;21771.3423
5;Kiraci;28;0;no;Dogu ve Guneydogu Anadolu Bolgesi;13126.67745
13;Kiraci;32.775;2;no;Akdeniz ve Ege Ic Kesimler Bolgesi;5327.40025
23;Kiraci;21.755;1;no;Ic Anadolu ve Karadeniz Bolgesi;13725.47184
40;Kiraci;32.395;1;no;Ic Anadolu ve Karadeniz Bolgesi;13019.16105
30;Kiraci;36.575;0;no;Akdeniz ve Ege Ic Kesimler Bolgesi;8671.19125
13;Kiraci;21.755;0;no;Akdeniz ve Ege Ic Kesimler Bolgesi;4134.08245
1;Kiraci;27.93;3;no;Akdeniz ve Ege Ic Kesimler Bolgesi;18838.70366
1;Kiraci;30.02;0;yes;Akdeniz ve Ege Ic Kesimler Bolgesi;33307.5508
23;Ev Sahibi;33.55;0;no;Bati Bolgesi;5699.8375
22;Ev Sahibi;29.355;1;no;Akdeniz ve Ege Ic Kesimler Bolgesi;6393.60345
13;Kiraci;25.8;2;no;Dogu ve Guneydogu Anadolu Bolgesi;4934.705
19;Ev Sahibi;24.32;2;no;Akdeniz ve Ege Ic Kesimler Bolgesi;6198.7518
28;Ev Sahibi;40.375;2;no;Akdeniz ve Ege Ic Kesimler Bolgesi;8733.22925
4;Ev Sahibi;32.11;0;no;Akdeniz ve Ege Ic Kesimler Bolgesi;2055.3249
33;Ev Sahibi;32.3;1;no;Ic Anadolu ve Karadeniz Bolgesi;9964.06
0;Kiraci;27.28;3;yes;Bati Bolgesi;18223.4512
17;Ev Sahibi;17.86;1;no;Akdeniz ve Ege Ic Kesimler Bolgesi;5116.5004
41;Kiraci;34.8;2;no;Dogu ve Guneydogu Anadolu Bolgesi;36910.60803
18;Ev Sahibi;33.4;2;yes;Dogu ve Guneydogu Anadolu Bolgesi;38415.474
19;Kiraci;25.555;1;yes;Ic Anadolu ve Karadeniz Bolgesi;20296.86345
41;Ev Sahibi;37.1;1;no;Dogu ve Guneydogu Anadolu Bolgesi;12347.172
18;Ev Sahibi;30.875;1;no;Akdeniz ve Ege Ic Kesimler Bolgesi;5373.36425
21;Ev Sahibi;34.1;2;no;Bati Bolgesi;23563.01618
0;Ev Sahibi;21.47;0;no;Ic Anadolu ve Karadeniz Bolgesi;1702.4553
34;Kiraci;33.3;2;no;Dogu ve Guneydogu Anadolu Bolgesi;10806.839
9;Kiraci;31.255;1;no;Akdeniz ve Ege Ic Kesimler Bolgesi;3956.07145
0;Ev Sahibi;39.14;0;no;Ic Anadolu ve Karadeniz Bolgesi;12890.05765
22;Ev Sahibi;25.08;0;no;Bati Bolgesi;5415.6612
11;Ev Sahibi;37.29;2;no;Bati Bolgesi;4058.1161
28;Kiraci;34.6;1;yes;Dogu ve Guneydogu Anadolu Bolgesi;41661.602
20;Kiraci;30.21;3;no;Akdeniz ve Ege Ic Kesimler Bolgesi;7537.1639
12;Kiraci;21.945;1;no;Ic Anadolu ve Karadeniz Bolgesi;4718.20355
22;Ev Sahibi;24.97;2;no;Bati Bolgesi;6593.5083
32;Ev Sahibi;25.3;0;no;Bati Bolgesi;8442.667
2;Kiraci;24.42;0;yes;Bati Bolgesi;26125.67477
23;Ev Sahibi;23.94;1;no;Ic Anadolu ve Karadeniz Bolgesi;6858.4796
15;Kiraci;39.82;1;no;Bati Bolgesi;4795.6568
20;Ev Sahibi;16.815;2;no;Ic Anadolu ve Karadeniz Bolgesi;6640.54485
24;Ev Sahibi;37.18;2;no;Bati Bolgesi;7162.0122
38;Ev Sahibi;34.43;0;no;Bati Bolgesi;10594.2257
40;Ev Sahibi;30.305;0;no;Ic Anadolu ve Karadeniz Bolgesi;11938.25595
34;Ev Sahibi;34.485;3;yes;Akdeniz ve Ege Ic Kesimler Bolgesi;60021.39897
2;Kiraci;21.8;0;yes;Dogu ve Guneydogu Anadolu Bolgesi;20167.33603
36;Kiraci;24.605;3;no;Akdeniz ve Ege Ic Kesimler Bolgesi;12479.70895
40;Ev Sahibi;23.3;0;no;Dogu ve Guneydogu Anadolu Bolgesi;11345.519
27;Kiraci;27.83;2;no;Bati Bolgesi;8515.7587
8;Ev Sahibi;31.065;0;no;Akdeniz ve Ege Ic Kesimler Bolgesi;2699.56835
45;Kiraci;21.66;0;no;Ic Anadolu ve Karadeniz Bolgesi;14449.8544
40;Kiraci;28.215;0;no;Akdeniz ve Ege Ic Kesimler Bolgesi;12224.35085
19;Ev Sahibi;22.705;3;no;Ic Anadolu ve Karadeniz Bolgesi;6985.50695
7;Kiraci;42.13;1;no;Bati Bolgesi;3238.4357
34;Ev Sahibi;41.8;2;yes;Bati Bolgesi;47269.854
46;Ev Sahibi;36.96;2;yes;Bati Bolgesi;49577.6624
4;Kiraci;21.28;3;no;Akdeniz ve Ege Ic Kesimler Bolgesi;4296.2712
10;Kiraci;33.11;0;no;Bati Bolgesi;3171.6149
0;Ev Sahibi;33.33;0;no;Bati Bolgesi;1135.9407
10;Ev Sahibi;24.3;5;no;Dogu ve Guneydogu Anadolu Bolgesi;5615.369
27;Kiraci;25.7;3;no;Dogu ve Guneydogu Anadolu Bolgesi;9101.798
15;Ev Sahibi;29.4;4;no;Dogu ve Guneydogu Anadolu Bolgesi;6059.173
0;Kiraci;39.82;0;no;Bati Bolgesi;1633.9618
14;Ev Sahibi;33.63;1;yes;Ic Anadolu ve Karadeniz Bolgesi;37607.5277
6;Ev Sahibi;29.83;0;yes;Ic Anadolu ve Karadeniz Bolgesi;18648.4217
1;Ev Sahibi;19.8;0;no;Dogu ve Guneydogu Anadolu Bolgesi;1241.565
2;Ev Sahibi;27.3;0;yes;Dogu ve Guneydogu Anadolu Bolgesi;16232.847
22;Kiraci;29.3;4;no;Dogu ve Guneydogu Anadolu Bolgesi;15828.82173
16;Kiraci;27.72;0;no;Bati Bolgesi;4415.1588
24;Kiraci;37.9;0;no;Dogu ve Guneydogu Anadolu Bolgesi;6474.013
33;Kiraci;36.385;3;no;Akdeniz ve Ege Ic Kesimler Bolgesi;11436.73815
36;Kiraci;27.645;1;no;Akdeniz ve Ege Ic Kesimler Bolgesi;11305.93455
37;Ev Sahibi;37.715;3;no;Akdeniz ve Ege Ic Kesimler Bolgesi;30063.58055
34;Kiraci;23.18;0;no;Ic Anadolu ve Karadeniz Bolgesi;10197.7722
14;Kiraci;20.52;0;no;Ic Anadolu ve Karadeniz Bolgesi;4544.2348
10;Ev Sahibi;37.1;1;no;Dogu ve Guneydogu Anadolu Bolgesi;3277.161
23;Kiraci;28.05;1;no;Bati Bolgesi;6770.1925
25;Kiraci;29.9;1;no;Dogu ve Guneydogu Anadolu Bolgesi;7337.748
31;Kiraci;33.345;2;no;Ic Anadolu ve Karadeniz Bolgesi;10370.91255
46;Ev Sahibi;23.76;0;yes;Bati Bolgesi;26926.5144
37;Kiraci;30.5;0;no;Dogu ve Guneydogu Anadolu Bolgesi;10704.47
6;Ev Sahibi;31.065;0;yes;Ic Anadolu ve Karadeniz Bolgesi;34254.05335
2;Kiraci;33.3;0;no;Dogu ve Guneydogu Anadolu Bolgesi;1880.487
27;Ev Sahibi;27.5;3;no;Dogu ve Guneydogu Anadolu Bolgesi;8615.3
8;Ev Sahibi;33.915;1;no;Akdeniz ve Ege Ic Kesimler Bolgesi;3292.52985
7;Kiraci;34.485;0;no;Akdeniz ve Ege Ic Kesimler Bolgesi;3021.80915
25;Ev Sahibi;25.52;5;no;Bati Bolgesi;14478.33015
17;Ev Sahibi;27.61;1;no;Bati Bolgesi;4747.0529
8;Ev Sahibi;27.06;0;yes;Bati Bolgesi;17043.3414
39;Ev Sahibi;23.7;0;no;Dogu ve Guneydogu Anadolu Bolgesi;10959.33
4;Kiraci;30.4;0;no;Ic Anadolu ve Karadeniz Bolgesi;2741.948
14;Kiraci;29.735;0;no;Akdeniz ve Ege Ic Kesimler Bolgesi;4357.04365
21;Ev Sahibi;29.925;1;yes;Ic Anadolu ve Karadeniz Bolgesi;22462.04375
7;Kiraci;26.79;2;no;Akdeniz ve Ege Ic Kesimler Bolgesi;4189.1131
30;Kiraci;33.33;0;no;Bati Bolgesi;8283.6807
29;Kiraci;27.645;2;yes;Akdeniz ve Ege Ic Kesimler Bolgesi;24535.69855
0;Kiraci;21.66;0;yes;Ic Anadolu ve Karadeniz Bolgesi;14283.4594
0;Ev Sahibi;30.03;1;no;Bati Bolgesi;1720.3537
43;Ev Sahibi;36.3;1;yes;Dogu ve Guneydogu Anadolu Bolgesi;47403.88
29;Kiraci;24.32;0;no;Ic Anadolu ve Karadeniz Bolgesi;8534.6718
10;Kiraci;17.29;0;no;Ic Anadolu ve Karadeniz Bolgesi;3732.6251
18;Kiraci;25.9;1;no;Dogu ve Guneydogu Anadolu Bolgesi;5472.449
2;Ev Sahibi;39.4;2;yes;Dogu ve Guneydogu Anadolu Bolgesi;38344.566
26;Ev Sahibi;34.32;1;no;Bati Bolgesi;7147.4728
20;Kiraci;19.95;2;no;Ic Anadolu ve Karadeniz Bolgesi;7133.9025
1;Ev Sahibi;34.9;0;yes;Dogu ve Guneydogu Anadolu Bolgesi;34828.654
3;Ev Sahibi;23.21;0;no;Bati Bolgesi;1515.3449
28;Ev Sahibi;25.745;3;no;Akdeniz ve Ege Ic Kesimler Bolgesi;9301.89355
40;Ev Sahibi;25.175;0;no;Ic Anadolu ve Karadeniz Bolgesi;11931.12525
2;Ev Sahibi;22;1;no;Dogu ve Guneydogu Anadolu Bolgesi;1964.78
0;Ev Sahibi;26.125;0;no;Ic Anadolu ve Karadeniz Bolgesi;1708.92575
10;Kiraci;26.51;2;no;Bati Bolgesi;4340.4409
15;Ev Sahibi;27.455;2;no;Akdeniz ve Ege Ic Kesimler Bolgesi;5261.46945
1;Kiraci;25.745;1;no;Akdeniz ve Ege Ic Kesimler Bolgesi;2710.82855
27;Ev Sahibi;30.36;0;yes;Bati Bolgesi;62592.87309
44;Ev Sahibi;30.875;3;yes;Akdeniz ve Ege Ic Kesimler Bolgesi;46718.16325
7;Kiraci;20.8;1;no;Dogu ve Guneydogu Anadolu Bolgesi;3208.787
25;Ev Sahibi;27.8;0;yes;Dogu ve Guneydogu Anadolu Bolgesi;37829.7242
24;Ev Sahibi;24.605;2;yes;Ic Anadolu ve Karadeniz Bolgesi;21259.37795
6;Kiraci;27.72;0;no;Bati Bolgesi;2464.6188
11;Kiraci;21.85;0;yes;Ic Anadolu ve Karadeniz Bolgesi;16115.3045
14;Ev Sahibi;28.12;4;yes;Akdeniz ve Ege Ic Kesimler Bolgesi;21472.4788
7;Kiraci;30.2;0;yes;Dogu ve Guneydogu Anadolu Bolgesi;33900.653
23;Ev Sahibi;32.2;2;no;Dogu ve Guneydogu Anadolu Bolgesi;6875.961
24;Ev Sahibi;26.315;1;no;Akdeniz ve Ege Ic Kesimler Bolgesi;6940.90985
15;Kiraci;26.695;0;no;Akdeniz ve Ege Ic Kesimler Bolgesi;4571.41305
16;Ev Sahibi;42.9;1;no;Dogu ve Guneydogu Anadolu Bolgesi;4536.259
1;Kiraci;34.7;2;yes;Dogu ve Guneydogu Anadolu Bolgesi;36397.576
12;Kiraci;23.655;3;yes;Akdeniz ve Ege Ic Kesimler Bolgesi;18765.87545
0;Ev Sahibi;28.31;1;no;Ic Anadolu ve Karadeniz Bolgesi;11272.33139
1;Kiraci;20.6;0;no;Dogu ve Guneydogu Anadolu Bolgesi;1731.677
0;Ev Sahibi;53.13;0;no;Bati Bolgesi;1163.4627
17;Ev Sahibi;39.71;4;no;Ic Anadolu ve Karadeniz Bolgesi;19496.71917
21;Kiraci;26.315;2;no;Akdeniz ve Ege Ic Kesimler Bolgesi;7201.70085
13;Ev Sahibi;31.065;3;no;Akdeniz ve Ege Ic Kesimler Bolgesi;5425.02335
44;Ev Sahibi;26.695;0;yes;Ic Anadolu ve Karadeniz Bolgesi;28101.33305
44;Ev Sahibi;38.83;0;no;Bati Bolgesi;12981.3457
24;Kiraci;40.37;2;yes;Bati Bolgesi;43896.3763
13;Ev Sahibi;25.935;1;no;Akdeniz ve Ege Ic Kesimler Bolgesi;4239.89265
43;Ev Sahibi;33.535;0;no;Ic Anadolu ve Karadeniz Bolgesi;13143.33665
24;Kiraci;32.87;0;no;Ic Anadolu ve Karadeniz Bolgesi;7050.0213
33;Ev Sahibi;30.03;1;no;Bati Bolgesi;9377.9047
5;Kiraci;24.225;2;no;Ic Anadolu ve Karadeniz Bolgesi;22395.74424
34;Ev Sahibi;38.6;2;no;Dogu ve Guneydogu Anadolu Bolgesi;10325.206
39;Kiraci;25.74;2;no;Bati Bolgesi;12629.1656
5;Kiraci;33.4;0;no;Dogu ve Guneydogu Anadolu Bolgesi;10795.93733
34;Kiraci;44.7;3;no;Dogu ve Guneydogu Anadolu Bolgesi;11411.685
32;Ev Sahibi;30.97;3;no;Akdeniz ve Ege Ic Kesimler Bolgesi;10600.5483
0;Kiraci;31.92;0;no;Ic Anadolu ve Karadeniz Bolgesi;2205.9808
0;Kiraci;36.85;0;no;Bati Bolgesi;1629.8335
3;Kiraci;25.8;0;no;Dogu ve Guneydogu Anadolu Bolgesi;2007.945
43;Kiraci;29.07;0;yes;Akdeniz ve Ege Ic Kesimler Bolgesi;29141.3603
